,top-left-square,top-middle-square,top-right-square,middle-left-square,middle-middle-square,middle-right-square,bottom-left-square,bottom-middle-square,bottom-right-square,Class
0,o,b,o,x,b,x,x,x,x,positive
1,o,o,o,b,x,o,o,x,o,positive
2,x,b,o,x,b,o,x,o,b,positive
3,b,b,b,b,x,x,b,x,o,positive
4,o,x,b,x,x,o,o,x,b,positive
5,o,o,o,x,x,x,x,o,o,positive
6,o,x,x,b,b,x,o,o,x,positive
7,b,b,x,b,x,o,x,b,x,positive
8,x,b,x,x,x,o,x,o,o,negative
9,b,o,o,b,x,b,x,o,b,positive
10,o,o,x,o,x,b,x,x,x,positive
11,o,x,x,b,x,x,x,b,x,positive
12,x,b,x,o,x,x,b,b,x,positive
13,o,o,b,o,o,o,b,x,x,negative
14,x,o,x,b,x,o,x,o,x,positive
15,x,b,b,o,x,x,o,x,b,negative
16,x,o,o,x,o,x,o,o,o,negative
17,b,o,x,x,x,o,x,x,x,negative
18,o,b,o,x,o,x,o,x,o,negative
19,o,b,o,x,x,x,o,b,x,positive
20,o,o,o,x,x,b,b,b,x,negative
21,o,b,b,x,o,b,o,o,o,negative
22,o,x,o,o,b,x,o,x,o,negative
23,x,b,o,x,b,o,x,o,b,positive
24,o,o,o,o,x,b,x,x,b,positive
25,b,o,x,x,o,b,b,o,b,negative
26,x,o,b,x,o,x,b,o,o,positive
27,b,x,x,b,x,b,o,o,x,positive
28,b,o,x,b,x,o,x,x,b,positive
29,o,b,x,o,x,x,o,b,o,negative
30,o,x,x,o,x,b,o,x,b,negative
31,o,b,b,x,x,x,o,b,x,positive
32,b,x,o,x,x,x,b,b,o,positive
33,o,o,x,b,o,x,b,x,b,positive
34,o,b,x,o,x,b,x,x,x,positive
35,b,o,x,o,x,x,x,b,o,positive
36,x,x,x,o,x,o,o,o,o,positive
37,x,x,o,x,x,x,o,o,b,positive
38,x,b,o,x,x,x,o,o,o,positive
39,x,b,o,x,o,o,x,o,x,positive
40,o,x,x,o,o,b,o,o,b,negative
41,o,o,o,b,o,x,x,b,x,negative
42,o,o,o,x,x,x,b,o,x,positive
43,o,b,o,x,x,o,x,x,o,negative
44,o,b,x,b,b,x,o,x,x,negative
45,o,x,o,b,b,x,o,x,b,negative
46,x,x,b,b,b,o,b,o,x,positive
47,o,b,o,x,o,x,o,x,o,negative
48,x,o,o,b,x,b,x,x,x,negative
49,x,x,x,o,x,o,b,o,x,positive
50,x,x,x,x,o,x,o,o,o,negative
51,x,b,o,x,x,o,x,x,o,negative
52,x,b,x,x,x,o,o,b,o,positive
53,o,o,o,b,o,x,o,x,o,positive
54,x,o,o,x,x,o,o,b,b,negative
55,x,o,x,b,o,b,x,b,x,positive
56,o,b,o,b,o,o,b,x,o,negative
57,b,o,b,o,x,o,x,x,x,positive
58,b,x,o,x,x,o,o,x,b,positive
59,o,b,o,x,o,b,x,x,x,positive
60,x,b,x,o,b,o,x,x,x,negative
61,x,b,o,b,o,o,o,x,o,positive
62,x,x,o,x,o,o,x,b,o,negative
63,b,b,x,x,x,x,x,b,b,positive
64,o,x,x,x,x,o,b,o,b,positive
65,x,o,o,o,x,b,x,x,x,positive
66,x,b,b,x,x,o,x,o,x,positive
67,x,x,o,x,x,o,b,b,o,positive
68,b,x,x,b,o,x,o,o,x,positive
69,x,b,x,x,x,x,b,o,o,positive
70,x,o,x,x,x,o,x,o,x,positive
71,o,x,x,x,x,o,x,b,x,negative
72,x,o,o,x,b,x,o,b,b,negative
73,x,b,o,x,x,o,x,b,b,positive
74,b,b,o,x,x,o,b,x,o,negative
75,x,o,x,x,x,o,x,x,b,negative
76,o,x,o,b,x,o,b,x,o,positive
77,b,x,x,x,o,x,x,o,x,negative
78,x,b,x,o,o,o,b,x,x,negative
79,x,x,o,o,x,o,b,o,x,positive
80,x,b,b,x,o,x,x,b,x,positive
81,o,o,x,b,x,x,o,o,x,positive
82,x,x,o,b,b,b,b,b,b,positive
83,x,b,b,x,o,o,x,b,o,positive
84,b,o,b,o,x,o,x,x,x,positive
85,x,x,o,x,o,b,x,x,b,negative
86,x,b,o,x,x,o,o,o,b,positive
87,x,o,o,x,b,x,b,b,b,negative
88,x,b,x,o,b,o,x,b,x,positive
89,o,x,o,x,x,x,o,x,o,positive
90,x,o,x,o,o,b,b,b,x,positive
91,o,o,x,x,o,x,x,b,x,negative
92,b,b,b,o,o,o,x,b,x,negative
93,b,o,x,b,x,o,o,o,x,positive
94,x,b,o,x,b,o,x,b,x,negative
95,b,x,b,o,o,b,o,x,x,positive
96,x,x,o,x,b,o,b,x,o,positive
97,o,x,o,b,x,b,x,x,b,positive
98,x,o,x,o,o,x,b,x,x,positive
99,x,o,b,o,x,b,x,b,b,positive
100,x,b,x,o,x,o,b,o,x,positive
101,x,o,x,x,x,o,x,x,b,positive
102,o,x,x,x,o,x,b,x,o,negative
103,b,b,x,x,x,b,o,o,x,negative
104,x,o,o,x,x,o,x,o,o,positive
105,o,x,x,o,o,o,x,x,o,negative
106,b,o,b,b,o,x,x,x,x,positive
107,x,o,o,x,b,o,b,o,x,positive
108,o,b,x,x,b,x,x,b,o,negative
109,b,x,x,o,b,x,o,b,o,positive
110,o,b,b,o,o,x,o,x,x,positive
111,x,x,o,x,x,x,b,o,b,positive
112,o,x,x,b,o,b,x,b,x,positive
113,b,x,o,b,o,x,x,x,o,positive
114,x,o,x,o,x,o,x,o,x,positive
115,o,o,b,o,o,b,b,b,x,negative
116,x,b,b,b,o,o,x,x,x,positive
117,x,o,x,o,o,b,x,o,x,positive
118,x,o,x,o,o,o,b,x,b,negative
119,x,o,x,b,x,o,x,b,x,positive
120,x,b,o,x,o,o,x,o,b,positive
121,o,b,b,x,o,x,o,b,b,negative
122,x,b,x,o,x,x,x,o,x,positive
123,x,o,x,x,b,o,x,o,x,positive
124,b,o,o,x,b,o,x,x,b,positive
125,x,b,x,o,o,o,o,b,b,negative
126,x,o,o,x,x,o,x,x,o,negative
127,b,x,x,o,o,x,b,o,b,positive
128,x,x,x,o,x,o,o,b,o,positive
129,b,x,x,x,b,o,x,o,o,negative
130,x,b,x,x,x,x,b,o,o,positive
131,x,x,b,x,x,o,o,o,o,positive
132,o,o,o,x,o,x,o,x,x,negative
133,x,o,b,x,b,b,x,o,x,positive
134,x,x,o,x,o,b,o,b,o,negative
135,o,b,o,b,b,b,x,x,o,positive
136,b,o,x,b,x,o,x,o,x,positive
137,o,o,x,b,b,o,x,o,x,negative
138,x,x,x,b,o,b,o,o,x,negative
139,o,x,x,x,o,b,b,x,o,negative
140,o,b,b,b,x,x,o,x,x,positive
141,x,o,x,o,x,b,x,x,o,positive
142,x,o,o,x,x,o,x,o,x,positive
143,x,x,o,x,o,b,o,o,o,negative
144,o,b,x,o,x,b,x,x,x,positive
145,b,o,x,o,x,b,x,x,o,positive
146,b,x,o,b,b,o,b,x,o,positive
147,x,b,b,x,x,x,o,o,o,positive
148,b,b,b,x,x,o,x,b,x,positive
149,x,b,x,o,x,b,x,o,x,positive
150,x,x,o,x,o,b,x,b,o,negative
151,o,x,x,x,o,b,x,b,o,negative
152,o,o,x,b,x,b,x,x,x,positive
153,x,b,o,x,b,b,x,x,o,positive
154,x,b,o,x,x,b,x,o,x,positive
155,o,x,x,o,x,x,o,o,x,negative
156,b,b,x,x,x,o,b,o,o,negative
157,x,b,x,b,x,x,o,b,x,positive
158,o,o,x,o,x,b,x,o,b,positive
159,b,o,o,x,x,b,x,o,o,positive
160,o,b,x,x,o,x,o,o,b,positive
161,b,x,x,x,x,b,o,b,o,positive
162,o,o,x,x,x,x,b,o,b,positive
163,o,o,x,x,x,b,x,o,o,negative
164,b,b,x,b,o,o,x,b,o,positive
165,x,x,x,o,o,o,x,b,x,negative
166,x,b,x,x,o,b,x,b,b,positive
167,x,b,x,x,x,x,o,o,x,positive
168,b,b,o,x,o,b,b,x,b,negative
169,b,o,x,o,x,o,x,o,x,positive
170,b,x,o,b,o,x,o,x,o,negative
171,x,x,x,o,x,x,b,o,b,positive
172,x,x,x,o,x,o,x,x,x,negative
173,b,b,x,b,o,b,o,o,o,negative
174,x,b,x,x,o,o,x,b,b,positive
175,o,b,x,b,x,o,x,b,x,positive
176,o,b,b,b,x,o,x,x,x,positive
177,x,x,b,x,b,x,x,x,o,negative
178,o,o,o,x,b,b,x,x,o,negative
179,x,x,o,o,o,b,b,x,x,positive
180,o,o,o,b,x,x,o,o,x,negative
181,o,x,x,b,x,b,o,b,b,positive
182,o,o,o,x,o,x,o,b,o,positive
183,x,o,x,x,o,o,b,o,b,negative
184,o,x,b,o,o,o,x,x,o,negative
185,b,o,o,x,x,x,x,o,x,positive
186,x,x,b,o,x,o,x,b,o,positive
187,x,o,o,x,x,b,x,b,b,positive
188,x,x,x,o,o,x,o,x,o,negative
189,x,o,b,b,o,o,x,o,x,positive
190,o,x,x,o,o,x,x,x,x,negative
191,o,o,o,x,x,x,b,o,o,positive
192,x,x,x,x,x,b,o,b,o,positive
193,o,x,b,o,o,x,o,x,x,negative
194,x,b,o,o,x,o,x,x,x,negative
195,x,x,x,b,x,b,b,o,b,positive
196,x,b,x,x,b,o,x,o,x,positive
197,o,b,b,o,o,x,x,b,x,negative
198,x,x,o,x,x,o,x,x,o,negative
199,b,x,x,o,o,x,o,x,x,positive
200,x,o,b,x,x,o,x,o,x,positive
201,b,b,x,x,b,o,x,x,o,negative
202,b,o,x,b,x,o,x,o,x,positive
203,o,b,o,b,o,x,o,x,o,negative
204,o,b,x,o,o,b,o,x,x,negative
205,x,b,o,x,x,b,o,x,o,negative
206,x,b,x,o,b,b,x,b,x,positive
207,b,o,o,x,x,o,b,o,b,positive
208,o,o,o,o,x,b,x,o,x,negative
209,o,b,b,x,x,x,o,o,b,positive
210,x,x,o,x,o,o,b,o,o,negative
211,x,b,x,o,x,o,x,o,x,positive
212,b,o,x,o,b,o,o,o,x,positive
213,x,o,b,o,x,o,x,x,x,positive
214,x,o,x,b,x,o,x,b,o,positive
215,x,b,x,b,b,x,o,o,o,negative
216,x,b,x,b,x,b,x,o,x,positive
217,o,o,x,b,x,o,x,x,x,positive
218,x,o,x,b,b,b,x,b,x,positive
219,o,o,x,o,x,b,o,x,x,positive
220,b,o,x,o,x,b,x,b,x,positive
221,x,o,b,o,x,x,o,x,x,positive
222,o,o,o,b,x,x,o,x,b,positive
223,x,x,o,x,x,x,b,b,b,positive
224,b,x,o,o,b,x,o,b,x,positive
225,o,o,x,o,x,o,x,x,x,positive
226,x,x,o,x,o,x,o,b,x,negative
227,x,x,b,x,x,o,x,b,o,positive
228,o,x,b,o,x,b,o,x,x,positive
229,x,o,o,x,x,o,x,o,b,positive
230,x,x,x,o,o,x,x,x,o,negative
231,x,x,x,b,o,x,x,o,o,negative
232,x,x,b,b,x,o,o,x,x,positive
233,x,o,b,x,o,x,x,o,x,negative
234,o,x,o,x,b,x,o,x,o,negative
235,x,x,o,b,o,b,x,x,x,negative
236,x,x,o,b,x,o,b,x,o,positive
237,o,x,b,b,x,o,b,x,x,positive
238,o,b,x,b,x,x,o,b,x,positive
239,x,o,x,o,x,x,o,b,x,positive
240,o,o,x,o,x,b,x,o,x,positive
241,b,b,o,x,b,x,o,o,x,positive
242,x,b,o,x,o,o,b,b,o,negative
243,x,o,b,o,o,b,x,b,x,positive
244,o,x,o,x,x,b,x,b,x,negative
245,x,o,o,o,o,x,o,b,o,positive
246,x,x,o,x,x,x,b,o,o,positive
247,o,b,b,b,o,x,o,b,o,negative
248,o,o,b,o,b,x,b,x,o,positive
249,x,o,x,o,x,b,x,o,x,positive
250,x,b,o,o,o,x,o,o,x,positive
251,x,x,x,o,x,x,o,o,o,positive
252,o,b,x,o,x,o,x,b,x,positive
253,x,b,o,o,b,b,o,x,x,negative
254,b,o,x,b,o,x,b,x,x,positive
255,x,o,x,b,b,o,x,b,x,positive
256,o,o,x,b,x,x,x,x,x,positive
257,x,b,o,b,o,x,b,o,o,negative
258,o,b,x,x,o,o,o,x,x,negative
259,b,x,x,o,x,x,o,x,x,positive
260,o,b,o,x,x,x,b,o,x,positive
261,o,x,x,x,x,x,b,b,x,positive
262,x,x,o,o,x,o,x,x,x,negative
263,x,b,o,x,o,x,b,b,o,positive
264,o,o,o,x,x,o,x,x,x,negative
265,o,b,x,x,x,x,x,o,b,positive
266,b,x,b,o,b,o,o,b,o,positive
267,b,o,b,x,x,x,b,o,o,positive
268,b,b,x,o,x,x,o,x,x,positive
269,b,x,b,x,x,x,b,b,o,positive
270,o,o,b,o,b,x,x,x,x,negative
271,o,o,o,o,o,x,x,x,o,positive
272,o,b,b,o,x,b,x,x,x,positive
273,x,o,o,x,b,o,x,o,x,negative
274,o,b,b,o,o,x,b,x,x,positive
275,o,b,o,x,o,b,o,x,o,negative
276,x,x,x,o,b,o,b,x,o,positive
277,x,o,x,x,o,b,x,b,b,positive
278,b,x,x,x,b,x,o,o,x,negative
279,x,o,b,x,x,o,o,o,x,positive
280,x,x,b,b,x,o,o,o,o,positive
281,o,b,x,x,o,x,x,b,x,positive
282,b,x,x,o,o,x,o,b,b,negative
283,x,b,x,o,x,o,x,o,b,positive
284,o,b,x,o,x,x,b,x,o,positive
285,b,o,b,b,b,x,b,x,x,positive
286,o,b,o,x,o,o,x,x,b,positive
287,o,x,o,x,x,o,o,x,o,negative
288,x,x,x,b,x,o,x,o,o,positive
289,b,b,o,x,x,o,x,o,o,negative
290,x,x,o,o,x,b,o,x,x,negative
291,o,b,x,o,b,x,o,b,x,positive
292,b,o,o,x,x,x,b,o,o,positive
293,o,b,x,b,x,o,x,b,x,positive
294,b,x,b,x,x,o,x,x,x,positive
295,x,b,o,x,b,o,o,x,x,negative
296,o,o,x,b,x,x,x,b,b,positive
297,o,x,x,o,x,o,o,x,x,positive
298,x,o,o,o,x,b,x,b,x,positive
299,x,o,o,b,o,x,x,b,x,negative
300,o,x,x,x,x,b,o,x,o,negative
301,x,x,b,o,b,x,x,x,b,negative
302,b,x,o,b,x,x,o,x,o,negative
303,x,x,o,b,o,o,x,b,o,negative
304,x,x,x,o,b,b,x,o,x,positive
305,x,b,o,x,x,o,o,o,o,positive
306,o,o,x,b,o,x,x,o,x,positive
307,o,b,o,x,x,x,o,x,b,negative
308,o,b,b,b,o,x,o,x,x,positive
309,o,b,o,x,x,o,x,b,o,positive
310,x,b,x,b,x,x,o,o,o,negative
311,o,b,b,b,x,b,x,x,x,positive
312,x,b,x,x,x,x,o,b,o,positive
313,o,b,x,o,x,b,x,b,x,positive
314,x,b,x,b,x,o,x,b,x,positive
315,o,x,o,x,b,o,b,o,o,positive
316,o,x,x,o,x,o,o,x,o,positive
317,x,x,b,b,x,b,b,x,b,positive
318,x,b,b,o,o,x,o,x,x,negative
319,b,x,b,x,b,o,o,x,o,positive
320,x,o,o,x,b,o,x,b,b,positive
321,b,x,o,x,b,o,x,o,o,positive
322,o,b,o,o,o,o,b,x,x,negative
323,b,x,x,x,o,o,b,o,b,positive
324,x,o,x,x,x,o,b,o,o,positive
325,o,x,x,o,x,b,o,x,x,negative
326,x,o,o,x,o,b,b,b,x,negative
327,x,x,x,b,x,o,b,b,b,positive
328,x,x,x,b,x,b,b,o,b,positive
329,x,x,o,x,o,b,x,o,o,positive
330,x,o,x,b,o,o,x,b,x,positive
331,x,b,x,b,b,o,x,o,x,positive
332,x,b,o,x,x,b,x,x,b,positive
333,x,o,x,x,b,o,x,b,o,positive
334,x,b,x,b,x,o,x,b,x,positive
335,b,o,x,o,x,o,x,o,x,positive
336,b,o,x,o,o,o,x,b,b,negative
337,x,x,x,o,b,x,o,b,x,positive
338,b,b,b,x,x,x,o,o,o,positive
339,x,b,b,x,o,b,x,x,b,positive
340,b,b,o,x,x,b,o,x,o,negative
341,b,x,x,x,o,x,x,o,x,negative
342,x,o,o,x,b,o,b,b,x,negative
343,x,b,x,o,o,o,b,o,b,negative
344,o,x,x,x,x,x,o,b,o,positive
345,x,b,o,x,x,x,o,b,x,negative
346,o,x,x,x,o,x,x,x,b,negative
347,b,x,x,o,b,o,o,o,b,positive
348,o,x,b,x,o,o,x,b,o,negative
349,x,o,o,b,o,x,x,b,x,positive
350,o,b,o,x,x,b,x,x,b,positive
351,o,x,x,x,o,x,o,o,o,positive
352,o,o,x,b,x,b,x,o,o,positive
353,o,x,b,o,x,b,o,b,b,negative
354,o,x,b,o,o,x,o,x,b,positive
355,o,x,b,o,b,b,b,x,x,positive
356,b,b,b,b,b,x,o,x,x,positive
357,x,o,x,o,x,b,x,x,x,positive
358,b,o,x,b,x,b,b,b,x,positive
359,x,o,o,o,x,b,x,o,x,positive
360,x,x,o,x,o,x,o,o,o,positive
361,x,b,o,x,o,o,x,b,o,negative
362,o,x,o,o,o,x,o,b,x,negative
363,x,o,x,x,x,o,x,b,b,positive
364,o,o,x,o,x,b,b,x,x,negative
365,x,b,x,b,o,b,x,o,b,positive
366,o,x,x,b,x,o,b,o,x,positive
367,o,x,x,x,o,x,x,b,o,positive
368,b,x,x,x,o,x,b,o,o,negative
369,o,b,o,x,o,b,x,x,o,negative
370,x,x,x,x,x,o,x,o,o,positive
371,b,b,x,o,o,o,x,b,x,negative
372,b,x,x,x,x,x,o,b,b,positive
373,x,o,x,b,o,x,x,o,x,negative
374,x,x,b,x,o,x,o,b,o,positive
375,x,o,o,x,x,o,o,o,x,negative
376,o,x,x,x,x,b,x,x,b,negative
377,o,o,b,b,x,b,x,x,x,positive
378,o,b,o,b,x,x,x,x,x,positive
379,b,x,o,o,o,x,o,x,o,positive
380,o,o,o,x,x,b,o,b,o,negative
381,b,b,x,b,o,o,o,o,b,positive
382,o,x,o,b,o,x,o,x,x,negative
383,x,x,x,o,b,x,b,b,b,positive
384,o,b,x,b,o,x,b,o,o,negative
385,x,x,x,b,x,o,o,o,o,positive
386,o,x,x,o,x,o,b,x,x,positive
387,x,o,x,o,x,o,x,b,x,positive
388,b,o,b,x,x,x,o,x,b,positive
389,x,x,x,b,o,x,o,b,o,positive
390,x,o,b,b,o,x,x,o,x,negative
391,x,x,o,x,o,b,o,x,o,negative
392,o,b,o,x,x,o,b,x,o,negative
393,o,x,b,x,x,b,b,b,o,negative
394,b,x,x,o,x,b,b,o,o,positive
395,x,o,b,o,o,b,x,x,x,negative
396,x,b,x,x,o,b,o,o,x,positive
397,x,x,x,x,o,o,x,b,o,negative
398,o,b,o,b,o,b,o,x,x,positive
399,x,x,b,x,x,o,b,o,o,positive
400,x,o,b,b,x,x,x,o,x,negative
401,b,o,x,o,x,x,b,o,o,positive
402,x,o,b,x,x,o,x,o,b,positive
403,b,x,b,o,b,x,o,x,b,positive
404,o,b,x,x,x,x,o,b,x,positive
405,x,x,b,x,b,b,o,o,x,negative
406,x,b,b,x,x,o,x,b,x,positive
407,x,b,x,b,x,o,x,o,x,positive
408,x,x,o,x,b,b,b,b,o,positive
409,o,b,o,o,x,x,o,x,x,positive
410,b,b,b,x,o,b,b,x,b,positive
411,x,x,o,x,b,x,o,x,b,negative
412,x,x,x,x,x,x,b,o,b,positive
413,x,o,x,o,o,x,o,o,x,positive
414,o,o,b,x,x,o,x,x,o,positive
415,b,b,b,o,o,x,x,b,b,positive
416,o,x,b,o,x,b,o,b,x,positive
417,x,x,o,b,o,x,o,b,x,positive
418,x,o,x,x,x,o,x,b,o,positive
419,x,o,x,x,x,x,o,o,x,positive
420,x,x,x,o,x,b,b,x,b,positive
421,x,x,o,x,b,o,b,b,b,positive
422,o,x,x,b,o,x,x,b,b,positive
423,o,x,b,o,o,x,o,x,b,negative
424,o,x,x,x,o,x,o,x,o,negative
425,o,b,o,x,o,x,b,x,x,positive
426,x,b,x,o,x,x,b,b,x,positive
427,x,b,o,o,x,x,o,x,x,positive
428,x,x,x,o,x,b,b,o,o,positive
429,x,x,x,x,x,o,b,x,o,positive
430,x,o,o,x,x,b,x,b,b,positive
431,o,b,x,b,x,x,x,x,x,positive
432,x,x,x,o,x,o,x,b,b,positive
433,x,x,o,x,o,o,b,x,o,negative
434,o,b,x,x,b,x,o,o,x,positive
435,o,o,x,o,o,x,o,x,x,positive
436,o,x,b,x,o,x,o,x,b,negative
437,x,b,x,o,x,b,o,o,o,positive
438,o,x,b,x,o,b,o,b,o,negative
439,o,b,b,x,x,b,o,x,b,negative
440,x,o,x,o,o,b,b,o,x,positive
441,o,x,b,b,o,x,o,x,x,negative
442,b,b,x,o,x,o,x,o,x,positive
443,o,o,b,x,x,x,o,o,o,positive
444,x,o,o,b,x,b,x,b,x,positive
445,x,b,x,o,x,x,o,o,b,negative
446,b,x,x,o,x,b,x,b,b,positive
447,o,x,x,o,o,x,o,x,x,negative
448,x,x,o,x,x,o,b,x,o,negative
449,x,x,x,o,x,x,b,o,o,positive
450,o,o,o,o,x,x,b,x,x,negative
451,b,b,x,b,o,b,x,o,x,negative
452,o,x,x,o,x,x,x,o,o,positive
453,b,o,o,b,x,b,b,x,x,positive
454,x,x,o,x,x,o,x,x,o,negative
455,x,x,x,b,x,o,b,o,b,positive
456,o,b,o,x,o,x,o,b,b,negative
457,o,o,b,o,x,b,x,x,x,positive
458,x,x,o,o,x,o,b,b,o,positive
459,b,o,o,x,x,o,x,o,x,negative
460,b,b,o,x,o,b,o,b,o,negative
461,x,o,o,o,x,b,x,x,x,positive
462,o,x,x,o,x,x,o,x,o,positive
463,x,x,x,o,o,x,x,b,b,positive
464,o,b,o,o,x,b,x,x,x,positive
465,o,x,x,o,o,o,x,x,x,negative
466,x,x,x,x,o,b,o,o,o,negative
467,x,b,x,x,x,o,x,o,o,negative
468,o,x,x,x,o,o,o,b,x,positive
469,o,o,o,x,o,x,o,x,o,positive
470,x,x,o,o,x,o,o,x,b,positive
471,x,o,o,b,b,b,o,x,o,negative
472,x,b,x,x,o,b,x,x,x,positive
473,b,b,x,o,b,b,x,x,b,positive
474,x,x,x,b,x,o,b,o,x,positive
475,o,o,o,x,o,b,x,x,x,negative
476,b,o,b,x,b,o,x,o,x,negative
477,b,x,b,o,x,o,o,x,x,positive
478,x,x,o,o,b,o,b,o,x,positive
479,x,o,b,x,o,x,x,x,x,negative
480,o,o,x,b,o,x,b,b,x,positive
481,x,b,b,x,o,o,o,o,x,positive
482,o,x,x,b,b,x,b,b,b,positive
483,x,o,x,o,o,b,x,b,x,positive
484,o,x,o,x,b,o,x,o,o,negative
485,x,o,x,o,x,b,x,b,x,positive
486,o,x,x,b,x,b,b,b,x,positive
487,x,b,o,x,b,x,b,b,o,positive
488,x,b,b,b,o,b,x,o,b,positive
489,x,x,x,o,o,o,o,x,b,negative
490,o,o,o,x,o,x,b,x,x,negative
491,o,o,x,o,o,x,o,b,x,positive
492,x,o,o,x,x,x,x,o,o,positive
493,x,b,o,x,x,o,x,o,x,positive
494,b,x,o,x,x,x,x,x,o,positive
495,b,b,b,o,o,x,o,x,x,positive
496,b,o,x,o,x,o,x,b,x,positive
497,x,b,b,x,o,b,x,x,b,positive
498,x,x,x,o,o,o,o,b,o,negative
499,x,b,x,b,b,o,x,o,x,positive
500,x,o,x,b,b,b,b,o,x,positive
501,o,o,x,o,o,x,b,b,x,negative
502,b,o,o,b,o,x,x,x,x,positive
503,x,x,o,b,b,o,x,b,o,negative
504,o,x,x,o,b,b,o,o,o,positive
505,o,x,x,b,b,x,o,o,o,positive
506,x,x,b,x,x,x,b,x,o,positive
507,b,x,o,x,x,x,o,x,o,positive
508,b,o,x,b,x,o,x,b,x,positive
509,x,b,x,b,x,x,o,b,o,positive
510,o,x,x,o,b,x,o,b,o,negative
511,o,o,x,o,o,b,o,x,x,negative
512,x,x,x,o,x,x,b,b,x,positive
513,b,b,x,b,o,b,x,o,x,positive
514,b,x,x,b,o,x,b,o,o,positive
515,x,b,o,x,x,x,o,b,b,positive
516,x,b,x,x,x,b,x,o,x,positive
517,x,x,x,o,o,o,x,o,o,positive
518,x,o,o,x,x,x,x,x,o,positive
519,b,o,b,o,o,x,o,x,x,positive
520,o,o,o,o,x,o,o,x,x,positive
521,x,b,x,o,b,b,x,o,x,positive
522,x,o,x,x,x,o,x,x,b,negative
523,x,x,b,b,x,b,o,o,x,positive
524,x,b,x,x,x,o,o,o,o,negative
525,o,x,o,x,o,x,x,x,b,negative
526,o,x,o,o,b,b,b,x,x,negative
527,o,o,x,o,o,x,x,x,x,positive
528,b,x,o,x,o,b,o,x,o,negative
529,x,x,o,x,o,b,o,x,o,negative
530,x,o,b,x,b,b,x,o,o,positive
531,x,o,x,o,o,o,b,x,o,negative
532,o,x,x,b,x,x,o,x,x,positive
533,o,b,x,o,o,o,x,x,b,negative
534,x,b,b,x,o,o,b,o,b,positive
535,x,x,b,x,x,o,o,o,o,negative
536,x,o,x,x,x,o,x,o,o,positive
537,x,o,b,x,o,b,x,x,b,positive
538,b,o,x,x,o,b,x,o,o,negative
539,o,b,x,o,o,x,o,x,x,negative
540,o,o,x,x,o,x,x,x,x,negative
541,o,x,b,o,b,x,o,b,x,negative
542,o,b,x,o,x,b,x,o,x,positive
543,x,x,b,x,b,o,o,o,o,positive
544,o,x,b,x,x,o,x,x,b,positive
545,o,b,b,x,x,b,x,b,x,positive
546,b,x,o,b,o,o,o,x,o,positive
547,o,x,b,b,x,x,b,x,b,positive
548,b,o,o,o,b,b,x,x,x,positive
549,o,x,x,b,o,o,o,x,x,negative
550,o,b,o,x,x,x,x,b,o,positive
551,o,o,b,b,o,x,x,x,x,positive
552,b,x,b,o,b,o,x,x,b,positive
553,x,x,o,x,x,o,o,x,o,negative
554,o,x,x,x,x,x,b,o,o,positive
555,b,x,x,x,b,x,x,x,b,positive
556,x,o,x,o,x,x,x,x,o,negative
557,o,x,b,x,o,x,b,b,o,negative
558,o,b,o,x,x,x,o,x,x,positive
559,o,x,b,o,o,b,o,o,b,negative
560,x,x,o,o,x,x,b,x,o,positive
561,x,b,x,o,o,x,b,b,o,negative
562,x,x,x,o,b,b,o,x,x,positive
563,b,o,b,o,x,o,x,x,x,positive
564,x,x,o,o,b,o,o,x,x,positive
565,x,x,b,x,b,b,b,x,b,positive
566,x,x,b,x,x,o,o,x,o,negative
567,b,x,b,x,o,x,b,o,b,negative
568,o,o,b,b,o,x,x,x,x,negative
569,b,o,x,b,x,b,x,o,x,positive
570,b,b,o,x,b,o,x,b,o,negative
571,x,o,b,o,o,o,b,b,x,positive
572,o,o,o,x,o,b,o,x,o,negative
573,o,b,o,x,o,x,x,b,o,negative
574,b,o,x,o,b,x,x,o,x,positive
575,b,o,b,o,x,b,b,x,x,positive
576,o,b,x,x,o,b,x,b,o,negative
577,b,b,x,o,o,o,x,b,x,negative
578,o,b,b,x,o,x,o,x,o,positive
579,x,b,x,o,x,b,x,b,x,positive
580,o,o,x,o,x,x,o,o,x,positive
581,x,o,x,o,o,o,x,b,o,negative
582,x,x,b,x,x,x,o,o,o,positive
583,x,o,x,o,x,x,o,o,x,positive
584,o,x,x,b,o,x,x,b,o,negative
585,x,o,b,x,b,x,b,b,b,positive
586,x,o,b,o,o,b,x,b,x,positive
587,x,o,x,o,b,b,x,b,b,positive
588,x,b,o,x,o,o,x,o,b,positive
589,o,b,x,b,b,o,x,b,x,positive
590,b,b,b,b,x,x,x,x,x,positive
591,b,x,x,b,x,o,x,x,x,positive
592,x,x,b,o,o,x,o,o,b,positive
593,x,o,o,x,o,b,b,b,x,positive
594,x,x,o,x,o,b,b,b,o,negative
595,b,b,o,b,x,b,x,b,o,negative
596,b,o,b,x,x,b,x,o,x,positive
597,x,x,x,o,o,x,x,x,o,positive
598,x,o,x,o,b,o,x,x,x,positive
599,x,x,x,o,x,x,o,b,x,negative
600,x,o,b,o,x,o,x,b,x,positive
601,o,o,o,x,x,b,x,x,b,negative
602,x,o,b,b,x,b,x,o,b,negative
603,o,x,x,x,o,b,o,o,b,positive
604,x,o,x,x,x,x,x,b,o,positive
605,b,x,x,o,b,x,x,x,x,positive
606,o,x,o,o,x,b,x,x,b,positive
607,x,o,o,o,x,b,x,x,x,positive
608,o,b,x,x,b,x,o,b,x,positive
609,o,x,b,o,o,x,o,b,x,positive
610,x,o,b,x,x,o,x,b,b,positive
611,x,b,o,x,b,b,b,b,o,positive
612,x,x,o,o,o,o,o,b,o,negative
613,o,o,o,x,o,o,b,x,x,negative
614,o,o,o,b,o,b,x,x,b,negative
615,x,x,o,b,o,o,b,x,b,negative
616,o,x,o,b,x,x,x,x,x,positive
617,x,b,o,x,b,o,x,b,b,positive
618,x,x,x,o,x,o,b,o,b,positive
619,o,x,b,x,o,x,o,x,o,negative
620,b,b,o,o,o,x,x,x,b,positive
621,x,o,o,x,x,x,b,x,o,positive
622,b,b,x,x,o,b,o,o,o,negative
623,x,o,b,b,o,x,b,o,x,negative
624,o,x,o,b,x,o,o,x,o,positive
625,x,o,o,o,x,x,o,x,o,positive
626,o,b,x,x,o,o,o,o,o,positive
627,x,x,o,b,o,x,o,b,o,negative
628,x,b,o,b,x,o,x,x,x,positive
629,x,x,x,b,x,o,o,x,x,positive
630,x,b,x,b,o,o,o,b,x,positive
631,o,b,x,x,o,b,o,o,x,negative
632,o,x,b,b,b,b,o,x,b,positive
633,x,o,o,x,x,b,x,o,b,positive
634,b,x,x,o,b,x,o,x,x,positive
635,x,x,o,x,x,o,x,x,b,positive
636,x,x,b,x,x,x,x,b,o,positive
637,o,o,b,x,x,x,x,x,o,positive
638,x,b,x,x,o,x,o,x,b,negative
639,o,x,x,x,x,x,o,x,o,positive
640,o,o,o,x,b,o,o,b,b,positive
641,b,o,x,b,x,b,x,o,x,positive
642,x,b,o,b,o,b,b,x,x,negative
643,x,o,o,b,x,o,x,o,x,positive
644,o,o,o,x,o,x,x,b,x,negative
645,x,o,b,b,x,b,x,o,x,positive
646,b,x,o,b,x,x,o,b,o,negative
647,x,o,x,b,o,b,x,o,x,negative
648,x,o,x,x,x,o,x,o,o,negative
649,x,x,x,o,x,x,b,b,o,positive
650,x,b,o,x,x,o,x,b,o,positive
651,b,x,o,b,o,x,o,x,o,negative
652,b,o,x,x,x,b,b,o,x,negative
653,b,o,b,x,x,x,o,o,b,positive
654,b,x,x,o,x,o,o,x,o,positive
655,x,x,x,o,x,o,o,o,b,positive
656,b,x,b,o,o,x,x,x,o,positive
657,o,x,o,x,o,x,o,o,o,negative
658,x,x,o,b,o,b,o,b,o,negative
659,b,o,x,o,x,x,b,o,x,positive
660,x,o,x,o,x,o,x,b,x,positive
661,x,x,b,o,x,o,o,x,x,positive
662,b,o,o,b,b,o,o,x,b,positive
663,x,b,x,o,x,b,x,o,x,positive
664,x,o,o,o,x,o,x,x,x,positive
665,x,o,x,b,x,b,x,b,x,positive
666,x,x,x,o,x,o,x,o,x,positive
667,x,o,o,x,b,o,x,b,x,positive
668,b,x,x,b,x,o,x,x,b,positive
669,x,o,b,x,b,o,x,o,x,negative
670,b,x,x,b,x,b,x,b,o,positive
671,b,o,x,b,b,x,b,o,x,positive
672,o,b,o,b,o,x,o,b,o,negative
673,o,b,x,b,x,x,o,b,x,negative
674,o,o,x,o,o,o,x,x,x,negative
675,o,x,x,o,x,o,o,b,o,positive
676,o,o,x,o,x,x,o,o,x,positive
677,b,o,b,b,x,o,b,x,x,positive
678,o,x,x,b,o,x,b,o,o,positive
679,o,o,x,b,o,b,x,b,x,positive
680,x,b,x,b,x,o,x,b,o,positive
681,b,o,o,x,x,x,o,b,o,positive
682,b,x,x,b,x,o,b,o,o,negative
683,x,x,b,b,x,o,x,b,b,positive
684,b,b,o,x,x,o,x,x,x,positive
685,x,x,o,x,o,x,o,b,o,negative
686,o,o,b,b,x,o,x,x,o,positive
687,o,o,x,x,x,x,b,o,b,positive
688,b,x,x,o,o,b,b,x,o,positive
689,o,b,x,x,o,b,o,o,o,negative
690,o,o,x,o,x,x,o,x,x,positive
691,o,o,x,o,x,x,o,o,x,positive
692,x,b,x,x,o,o,x,b,x,positive
693,o,x,b,x,x,x,o,o,b,positive
694,x,b,o,b,o,b,o,x,o,negative
695,o,b,x,x,o,b,o,x,x,negative
696,x,x,x,o,x,o,b,o,x,positive
697,o,o,o,b,b,x,x,x,x,negative
698,x,o,b,o,x,b,x,o,o,positive
699,o,o,o,x,o,x,x,x,o,positive
700,o,o,o,x,x,x,b,b,o,positive
701,x,o,o,x,o,o,x,b,x,negative
702,o,b,o,x,x,x,o,x,x,positive
703,x,x,x,x,b,o,o,o,o,positive
704,b,o,x,o,x,b,x,b,o,positive
705,o,b,x,o,x,o,x,x,x,positive
706,o,b,o,b,o,o,x,x,x,positive
707,x,b,o,o,x,o,x,x,o,positive
708,o,o,x,o,b,x,o,o,x,positive
709,x,o,b,b,b,o,b,x,o,positive
710,o,b,x,b,x,b,x,x,x,positive
711,x,x,o,x,o,x,b,x,o,negative
712,b,x,b,x,x,x,o,x,x,positive
713,x,x,o,o,x,x,o,o,x,negative
714,b,x,o,b,x,o,o,x,b,positive
715,x,o,o,o,x,x,b,b,b,negative
716,o,o,b,x,o,o,x,o,x,positive
717,o,o,x,b,b,x,b,x,x,positive
718,x,b,o,x,o,o,x,o,o,positive
719,x,o,x,b,x,o,x,b,b,positive
720,o,o,x,x,x,x,o,b,b,positive
721,o,b,x,o,b,x,o,o,x,positive
722,o,o,o,b,x,x,x,x,x,negative
723,x,b,b,o,x,b,x,x,x,positive
724,x,o,x,x,x,o,o,o,o,positive
725,o,o,b,o,o,o,b,x,b,negative
726,x,x,o,x,x,x,b,o,x,positive
727,o,x,x,x,x,o,o,o,b,positive
728,b,b,b,x,b,x,x,o,b,positive
729,o,x,x,o,o,o,x,x,x,negative
730,o,b,x,o,x,o,x,b,b,positive
731,b,o,o,x,b,x,x,o,x,negative
732,x,o,o,x,x,x,b,x,o,positive
733,b,x,x,o,o,x,b,b,o,positive
734,o,x,x,x,o,x,b,o,b,positive
735,o,x,o,x,x,o,x,b,o,negative
736,x,b,x,x,x,b,o,o,o,negative
737,x,o,x,b,b,b,x,o,x,positive
738,x,b,b,x,x,x,o,o,o,positive
739,o,b,o,x,x,b,b,o,b,positive
740,x,b,x,o,b,o,x,b,x,positive
741,x,o,o,o,o,o,x,x,b,negative
742,x,b,o,x,x,b,x,o,b,positive
743,x,x,o,x,x,b,o,b,o,positive
744,o,b,b,x,x,x,b,x,x,positive
745,b,o,b,x,o,x,x,o,x,negative
746,x,o,o,b,x,o,x,o,o,positive
747,o,b,x,b,x,x,x,b,x,positive
748,o,o,x,o,x,x,b,x,x,positive
749,x,b,o,o,x,b,o,o,x,positive
750,o,x,b,o,x,o,x,x,b,positive
751,o,x,x,x,o,x,o,b,b,negative
752,o,x,x,b,o,x,b,b,x,positive
753,x,o,o,b,o,x,b,x,x,negative
754,o,x,o,o,o,x,o,x,x,negative
755,x,b,x,x,o,b,b,o,o,negative
756,x,o,x,x,b,x,x,o,o,negative
757,o,o,o,o,x,b,b,x,x,positive
758,x,o,o,x,x,x,b,x,o,positive
759,b,x,o,x,x,x,o,x,o,positive
760,o,o,b,x,x,x,o,b,o,positive
761,o,b,b,x,o,b,x,x,o,positive
762,o,o,x,b,x,x,o,b,x,positive
763,o,x,x,o,x,b,o,x,b,negative
764,o,x,o,o,x,x,o,x,o,positive
765,o,o,o,x,b,o,b,x,x,negative
766,o,o,b,x,x,x,x,o,x,positive
767,x,x,o,x,o,x,b,x,o,negative
768,o,x,x,b,x,x,b,x,b,positive
769,x,x,x,b,x,b,o,o,o,positive
770,x,o,x,x,b,x,b,o,o,negative
771,x,o,b,o,o,o,o,o,o,negative
772,x,b,x,o,x,o,o,x,x,positive
773,o,o,b,o,b,o,x,o,b,positive
774,x,x,o,o,o,o,b,x,x,negative
775,b,b,o,b,b,o,b,x,x,positive
776,x,o,b,o,x,x,b,o,x,positive
777,o,b,o,x,o,o,x,o,b,positive
778,o,x,x,x,x,b,x,b,o,positive
779,o,b,x,o,x,x,x,b,b,negative
780,b,o,o,x,x,o,x,x,x,positive
781,o,x,o,x,o,x,x,x,o,negative
782,b,x,b,x,x,x,o,o,b,positive
783,o,o,x,b,x,x,b,x,o,positive
784,o,o,x,b,x,o,x,o,b,positive
785,o,b,o,x,o,x,o,x,o,negative
786,o,x,b,b,x,b,o,x,x,negative
787,o,b,o,o,b,b,o,o,o,negative
788,x,o,o,b,b,o,b,x,o,negative
789,o,o,b,o,x,x,o,x,x,positive
790,x,b,o,x,x,o,x,o,b,positive
791,x,x,o,x,b,b,o,o,o,positive
792,x,o,o,x,o,o,x,o,x,negative
793,x,b,b,x,b,x,x,o,o,positive
794,b,x,x,x,o,x,o,o,o,negative
795,o,o,x,x,x,x,o,o,o,positive
796,b,b,x,o,b,x,b,o,x,positive
797,x,o,o,x,x,o,b,x,x,negative
798,x,o,x,b,o,b,b,o,x,positive
799,x,o,x,o,o,x,b,x,o,positive
800,o,x,o,b,x,x,o,x,o,negative
801,x,o,b,x,x,x,b,b,o,positive
802,x,x,b,b,b,o,x,o,o,positive
803,b,x,x,o,x,b,o,o,x,negative
804,x,b,x,o,x,b,x,o,x,positive
805,b,x,b,o,o,o,o,b,x,negative
806,x,b,b,x,x,x,o,o,o,positive
807,b,b,b,x,x,b,b,o,x,negative
808,o,x,o,x,b,b,o,o,o,negative
809,o,x,o,o,o,x,o,b,x,negative
810,b,x,o,x,b,b,x,o,o,positive
811,o,x,x,b,x,x,o,o,o,negative
812,o,o,o,x,x,o,x,b,o,positive
813,x,x,o,x,b,b,o,x,o,negative
814,o,b,o,o,x,o,x,x,x,positive
815,x,x,b,o,b,o,x,o,o,positive
816,b,b,b,o,x,o,x,x,x,positive
817,b,b,o,b,o,b,o,x,o,negative
818,x,x,b,o,o,x,x,b,x,positive
819,x,b,x,o,x,o,b,o,o,positive
820,x,o,x,o,x,o,b,o,x,negative
821,x,b,o,x,o,b,o,x,b,negative
822,x,b,o,o,b,o,x,x,x,positive
823,x,o,o,x,b,o,x,o,x,positive
824,o,x,b,x,o,x,x,b,o,negative
825,o,b,x,o,x,x,o,b,b,negative
826,o,x,o,o,o,x,o,x,x,negative
827,b,x,b,x,x,x,b,o,b,positive
828,o,o,x,o,x,x,x,o,x,positive
829,o,x,o,o,b,x,x,x,x,negative
830,o,o,o,x,x,x,x,o,b,positive
831,x,x,o,o,o,b,x,x,b,positive
832,b,o,b,x,x,x,x,b,x,positive
833,b,o,x,x,o,x,b,o,o,positive
834,o,x,b,x,o,o,x,b,o,negative
835,o,x,x,o,b,x,b,o,x,positive
836,x,x,b,x,x,b,o,b,o,positive
837,b,b,b,x,o,x,x,o,o,positive
838,o,x,x,x,o,o,x,o,x,negative
839,x,b,b,x,o,b,x,o,o,positive
840,x,x,x,b,o,b,x,b,o,positive
841,o,b,x,b,x,b,x,o,x,positive
842,b,x,x,b,b,x,b,b,b,positive
843,b,o,o,x,o,o,b,x,o,negative
844,o,x,x,b,o,x,o,o,b,positive
845,o,b,o,b,x,x,o,x,x,positive
846,x,o,b,b,x,x,b,x,x,positive
847,b,x,x,o,o,o,x,x,o,negative
848,o,b,x,b,b,x,o,o,o,negative
849,b,x,x,b,x,b,o,x,b,positive
850,o,x,b,o,x,b,o,o,x,negative
851,x,b,x,o,x,o,x,o,b,positive
852,o,x,o,x,x,x,x,x,o,positive
853,x,x,x,o,o,o,b,x,o,negative
854,x,o,x,o,x,o,b,x,o,negative
855,o,b,x,o,o,x,o,b,x,positive
856,x,x,x,o,x,b,b,b,b,positive
857,x,o,x,o,o,x,b,o,x,positive
858,o,x,b,b,x,b,o,o,o,positive
859,b,b,o,b,x,o,x,x,x,positive
860,o,x,x,o,o,x,o,x,o,positive
861,o,x,b,o,x,o,b,x,b,positive
862,o,o,o,b,o,x,x,x,x,positive
863,o,x,o,o,o,o,o,o,o,negative
864,b,o,x,b,x,b,b,b,x,positive
865,o,x,x,o,x,o,b,x,x,positive
866,x,o,o,x,o,x,x,o,o,negative
867,o,o,x,o,x,x,o,x,x,positive
868,b,o,o,o,o,o,x,b,x,negative
869,x,o,x,b,b,o,x,o,x,positive
870,o,o,o,x,x,x,o,o,b,positive
871,x,x,x,b,x,b,b,b,x,positive
872,b,x,x,b,x,o,o,b,b,positive
873,x,b,x,b,b,b,x,b,x,positive
874,o,b,x,o,x,b,o,b,x,positive
875,x,x,b,x,x,o,b,o,x,positive
876,x,b,o,o,x,o,x,x,x,positive
877,x,b,o,o,x,b,x,o,o,positive
878,x,b,x,b,x,b,o,x,o,positive
879,o,x,x,b,x,x,b,o,b,positive
880,b,x,x,x,x,o,o,o,o,negative
881,o,x,o,o,x,x,o,b,b,negative
882,o,x,x,x,o,o,x,o,o,negative
883,o,o,x,x,o,x,x,x,o,negative
884,x,b,x,o,b,o,x,b,x,positive
885,o,x,b,o,x,b,b,x,x,positive
886,b,x,o,o,o,o,x,x,o,negative
887,o,b,x,o,x,o,x,x,x,positive
888,b,o,o,x,o,x,x,x,b,negative
889,o,x,o,x,o,o,x,x,o,negative
890,b,o,x,o,o,x,x,o,x,positive
891,x,o,x,x,o,b,b,o,x,negative
892,x,b,x,x,x,o,b,o,x,positive
893,x,b,b,b,b,o,o,b,x,positive
894,o,x,x,o,o,x,x,x,b,negative
895,b,x,o,b,x,o,b,x,o,positive
896,b,o,x,b,x,x,o,b,b,positive
897,o,o,x,b,b,x,x,b,x,positive
898,o,x,x,o,x,x,o,o,x,positive
899,b,x,o,o,x,b,b,x,b,positive
900,x,x,o,x,x,x,b,x,x,positive
901,b,b,x,b,o,b,x,b,x,positive
902,o,x,x,x,x,o,b,o,x,negative
903,o,x,o,x,x,b,o,b,o,negative
904,b,b,x,o,x,o,x,x,x,positive
905,x,o,b,o,x,o,x,x,x,positive
906,x,b,x,b,x,o,o,o,x,positive
907,x,o,x,b,o,b,x,b,b,positive
908,x,o,b,b,x,o,x,o,x,positive
909,o,o,o,x,x,b,b,b,b,negative
910,x,x,x,o,x,o,x,o,b,positive
911,x,x,o,x,b,o,o,b,o,positive
912,x,x,x,o,x,b,x,o,b,positive
913,x,x,o,x,o,x,o,o,b,negative
914,o,x,o,x,x,x,o,o,o,positive
915,o,o,o,x,o,x,x,x,o,negative
916,x,b,o,o,o,x,b,x,x,positive
917,x,o,o,x,x,o,b,x,o,positive
918,b,b,x,x,x,x,o,b,b,positive
919,o,o,o,x,o,x,x,x,b,negative
920,b,b,o,b,o,b,o,b,o,negative
921,o,x,o,b,b,x,o,o,x,negative
922,o,b,o,x,x,o,x,x,o,negative
923,o,o,x,x,o,o,x,b,o,positive
924,o,b,o,x,o,x,x,b,x,negative
925,o,x,x,b,x,x,o,o,x,positive
926,o,x,x,o,o,x,o,b,x,positive
927,x,x,x,b,x,o,b,b,x,positive
928,x,o,o,b,b,b,x,o,x,positive
929,o,b,x,b,o,x,o,b,x,positive
930,x,x,o,b,o,b,o,x,o,negative
931,x,o,b,x,x,b,x,o,b,negative
932,x,x,b,o,o,x,b,o,x,negative
933,b,x,x,o,o,x,o,x,o,positive
934,o,x,x,b,x,o,x,o,o,positive
935,o,b,o,o,x,x,o,o,b,negative
936,o,o,x,o,x,o,x,b,x,positive
937,b,o,x,o,x,b,x,o,x,positive
938,o,b,o,b,x,x,b,x,o,negative
939,o,b,o,x,x,x,o,x,b,positive
940,b,o,o,o,b,o,x,x,x,positive
941,o,o,b,x,b,x,x,x,o,positive
942,x,o,x,b,x,o,x,o,x,positive
943,o,b,o,b,o,b,o,x,x,negative
944,o,x,b,x,b,o,x,x,o,positive
945,o,x,b,x,o,b,o,x,b,negative
946,b,o,o,x,o,x,o,b,x,positive
947,o,b,x,x,x,b,x,o,b,positive
948,x,b,b,x,o,x,o,o,o,negative
949,o,o,o,x,o,o,b,x,o,positive
950,x,b,b,x,x,o,x,o,o,positive
951,x,x,o,o,o,x,b,x,o,positive
952,b,b,x,o,x,b,b,b,x,positive
953,b,o,b,b,b,x,x,x,x,positive
954,x,o,b,x,o,x,b,o,b,positive
955,x,o,x,x,x,o,b,o,x,positive
956,x,x,x,x,o,x,o,o,o,negative
957,o,o,b,x,b,x,o,x,x,positive
958,o,x,x,x,o,o,b,x,o,negative
959,x,x,x,o,x,b,o,o,x,positive
960,x,o,b,x,x,o,x,o,x,positive
961,o,x,x,o,x,o,x,b,b,positive
962,x,x,b,o,o,x,x,o,o,positive
963,x,b,x,b,o,o,b,o,x,negative
964,o,x,x,o,x,x,o,b,o,positive
965,b,o,o,x,o,o,x,o,o,positive
966,x,o,b,o,b,o,x,o,x,positive
967,b,x,x,o,x,x,o,x,x,negative
968,x,x,x,x,o,b,b,o,o,negative
969,x,b,o,x,o,b,o,o,b,negative
970,o,x,o,o,x,x,o,x,b,positive
971,o,o,x,o,x,x,b,x,x,positive
972,x,o,b,x,x,x,b,o,x,positive
973,o,b,b,b,o,b,o,x,o,positive
974,x,b,x,o,x,o,x,o,o,positive
975,o,o,b,o,x,b,x,x,x,positive
976,o,x,o,x,x,x,x,o,o,positive
977,o,x,x,x,o,b,o,b,o,negative
978,x,x,x,o,x,x,b,o,b,negative
979,x,b,x,o,b,x,o,x,x,negative
980,x,x,o,x,x,b,b,o,o,negative
981,x,x,x,o,x,o,o,b,x,positive
982,x,b,x,b,o,o,b,o,x,positive
983,b,x,x,o,o,x,b,b,x,positive
984,o,x,x,x,o,x,o,b,o,negative
985,x,o,o,x,o,x,o,o,x,negative
986,o,x,b,o,x,o,b,x,b,positive
987,b,o,x,o,o,x,b,b,x,positive
988,x,b,o,x,o,b,x,o,o,positive
989,x,x,o,x,o,o,o,b,x,negative
990,x,x,b,x,o,o,x,b,o,positive
991,o,o,b,b,o,x,b,x,x,positive
992,b,o,b,x,x,o,b,o,x,negative
993,o,b,x,x,x,x,o,x,o,positive
994,o,x,b,x,x,b,x,x,b,negative
995,x,x,o,o,x,o,b,b,o,positive
996,o,o,o,x,x,x,b,x,o,positive
997,o,o,b,b,b,b,x,x,x,positive
998,b,b,o,o,o,x,x,x,o,positive
999,b,x,o,x,o,x,x,x,b,positive
