,name,addr,city,phone,type,class
0,arnie morton's of chicago,435 s. la cienega blv.,los angeles,?,american,?
1,arnie morton's of chicago,435 s. la cienega blvd.,?,?,?,?
2,art's delicatessen,12224 ventura blvd.,studio city,?,american,?
3,art's deli,12224 ventura blvd.,?,?,delis,1
4,hotel bel-air,701 stone canyon rd.,?,?,californian,2
5,bel-air hotel,701 stone canyon rd.,bel air,310-472-1211,californian,2
6,cafe bizou,14016 ventura blvd.,sherman oaks,?,?,?
7,cafe bizou,14016 ventura blvd.,sherman oaks,?,?,?
8,campanile,624 s. la brea ave.,los angeles,?,?,4
9,campanile,624 s. la brea ave.,los angeles,?,californian,4
10,chinois on main,2709 main st.,?,310/392-9025,?,?
11,chinois on main,2709 main st.,?,310-392-9025,pacific new wave,5
12,citrus,6703 melrose ave.,?,?,?,?
13,citrus,6703 melrose ave.,?,213-857-0034,californian,?
14,fenix,8358 sunset blvd. west,hollywood,213/848-6677,american,?
15,fenix at the argyle,8358 sunset blvd.,?,?,?,?
16,granita,23725 w. malibu rd.,?,?,?,?
17,granita,23725 w. malibu rd.,?,?,?,?
18,grill on the alley,9560 dayton way,?,310/276-0615,american,?
19,grill  the,9560 dayton way,beverly hills,?,?,?
20,restaurant katsu,1972 n. hillhurst ave.,?,?,asian,10
21,katsu,1972 hillhurst ave.,?,?,?,?
22,l'orangerie,903 n. la cienega blvd.,?,?,french,?
23,l'orangerie,903 n. la cienega blvd.,?,?,french (classic),11
24,le chardonnay,8284 melrose ave.,los angeles,?,french,?
25,le chardonnay (los angeles),8284 melrose ave.,los angeles,213-655-8880,?,?
26,locanda veneta,3rd st.,?,310/274-1893,?,13
27,locanda veneta,8638 w. third st.,?,?,?,?
28,matsuhisa,129 n. la cienega blvd.,?,?,?,14
29,matsuhisa,129 n. la cienega blvd.,?,?,seafood,?
30,the palm,9001 santa monica blvd.,?,?,?,?
31,palm  the (los angeles),9001 santa monica blvd.,w. hollywood,310-550-8811,?,15
32,patina,5955 melrose ave.,?,?,californian,?
33,patina,5955 melrose ave.,los angeles,?,?,?
34,philippe's the original,1001 n. alameda st.,?,?,?,?
35,philippe the original,1001 n. alameda st.,chinatown,?,?,?
36,pinot bistro,12969 ventura blvd.,los angeles,818/990-0500,?,18
37,pinot bistro,12969 ventura blvd.,?,818-990-0500,?,?
38,rex il ristorante,617 s. olive st.,los angeles,?,?,?
39,rex il ristorante,617 s. olive st.,los angeles,213-627-2300,nuova cucina italian,19
40,spago,1114 horn ave.,los angeles,310/652-4025,californian,?
41,spago (los angeles),8795 sunset blvd.,?,?,californian,20
42,valentino,3115 pico blvd.,?,?,?,21
43,valentino,3115 pico blvd.,santa monica,?,?,21
44,yujean kang's gourmet chinese cuisine,67 n. raymond ave.,los angeles,?,?,?
45,yujean kang's,67 n. raymond ave.,pasadena,818-585-0855,chinese,?
46,21 club,21 w. 52nd st.,new york,?,american,?
47,21 club,21 w. 52nd st.,new york city,212-582-7200,?,23
48,aquavit,13 w. 54th st.,?,?,continental,24
49,aquavit,13 w. 54th st.,?,?,scandinavian,24
50,aureole,34 e. 61st st.,new york,?,american,?
51,aureole,34 e. 61st st.,new york city,?,?,?
52,cafe lalo,201 w. 83rd st.,?,?,coffee bar,?
53,cafe lalo,201 w. 83rd st.,new york city,?,coffeehouses,26
54,cafe des artistes,1 w. 67th st.,?,212/877-3500,continental,?
55,cafe des artistes,1 w. 67th st.,?,?,?,27
56,carmine's,2450 broadway  between 90th and 91st sts.,?,212/362-2200,?,28
57,carmine's,2450 broadway,new york city,?,?,?
58,carnegie deli,854 7th ave.  between 54th and 55th sts.,?,?,?,29
59,carnegie deli,854 seventh ave.,?,?,?,?
60,chanterelle,2 harrison st.  near hudson st.,new york,?,?,30
61,chanterelle,2 harrison st.,new york city,212-966-6960,?,30
62,daniel,20 e. 76th st.,?,212/288-0033,?,?
63,daniel,20 e. 76th st.,?,?,french (new),31
64,dawat,210 e. 58th st.,?,?,?,32
65,dawat,210 e. 58th st.,?,212-355-7555,indian,32
66,felidia,243 e. 58th st.,new york,?,?,33
67,felidia,243 e. 58th st.,?,212-758-1479,?,33
68,four seasons grill room,99 e. 52nd st.,?,?,american,?
69,four seasons,99 e. 52nd st.,?,212-754-9494,?,?
70,gotham bar & grill,12 e. 12th st.,new york,?,?,?
71,gotham bar & grill,12 e. 12th st.,new york city,?,american (new),?
72,gramercy tavern,42 e. 20th st.  between park ave. s and broadway,new york,?,?,?
73,gramercy tavern,42 e. 20th st.,?,212-477-0777,?,?
74,island spice,402 w. 44th st.,?,?,?,?
75,island spice,402 w. 44th st.,new york city,?,caribbean,?
76,jo jo,160 e. 64th st.,?,?,?,?
77,jo jo,160 e. 64th st.,?,?,french bistro,?
78,la caravelle,33 w. 55th st.,new york,212/586-4252,?,?
79,la caravelle,33 w. 55th st.,new york city,212-586-4252,?,?
80,la cote basque,60 w. 55th st.  between 5th and 6th ave.,?,212/688-6525,french,?
81,la cote basque,60 w. 55th st.,?,212-688-6525,?,?
82,le bernardin,155 w. 51st st.,new york,?,?,?
83,le bernardin,155 w. 51st st.,?,?,?,?
84,les celebrites,160 central park s,new york,?,?,42
85,les celebrites,155 w. 58th st.,?,212-484-5113,?,42
86,lespinasse,2 e. 55th st.,?,?,?,?
87,lespinasse (new york city),2 e. 55th st.,?,?,asian,?
88,lutece,249 e. 50th st.,?,212/752-2225,?,44
89,lutece,249 e. 50th st.,new york city,?,french (classic),44
90,manhattan ocean club,57 w. 58th st.,new york,212/ 371-7777,?,45
91,manhattan ocean club,57 w. 58th st.,new york city,212-371-7777,seafood,45
92,march,405 e. 58th st.,new york,?,?,?
93,march,405 e. 58th st.,new york city,?,?,?
94,mesa grill,102 5th ave.  between 15th and 16th sts.,new york,212/807-7400,?,47
95,mesa grill,102 fifth ave.,new york city,212-807-7400,southwestern,?
96,mi cocina,57 jane st.  off hudson st.,?,212/627-8273,?,48
97,mi cocina,57 jane st.,?,?,?,?
98,montrachet,239 w. broadway  between walker and white sts.,?,212/ 219-2777,french,?
99,montrachet,239 w. broadway,?,212-219-2777,french bistro,49
100,oceana,55 e. 54th st.,?,?,?,?
101,oceana,55 e. 54th st.,new york city,212-759-5941,seafood,?
102,park avenue cafe,100 e. 63rd st.,new york,212/644-1900,american,?
103,park avenue cafe (new york city),100 e. 63rd st.,?,?,?,?
104,petrossian,182 w. 58th st.,?,?,?,?
105,petrossian,182 w. 58th st.,new york city,212-245-2214,?,52
106,picholine,35 w. 64th st.,?,?,mediterranean,53
107,picholine,35 w. 64th st.,new york city,?,?,?
108,pisces,95 ave. a at 6th st.,new york,?,seafood,?
109,pisces,95 ave. a,?,212-260-6660,seafood,?
110,rainbow room,30 rockefeller plaza,?,?,?,?
111,rainbow room,30 rockefeller plaza,new york city,?,?,?
112,river cafe,1 water st. at the east river,?,?,american,?
113,river cafe,1 water st.,?,?,?,56
114,san domenico,240 central park s,new york,212/265-5959,?,57
115,san domenico,240 central park s.,?,212-265-5959,?,?
116,second avenue deli,156 2nd ave. at 10th st.,?,212/677-0606,?,58
117,second avenue deli,156 second ave.,?,?,delis,?
118,seryna,11 e. 53rd st.,?,?,?,?
119,seryna,11 e. 53rd st.,?,212-980-9393,?,59
120,shun lee west,43 w. 65th st.,?,?,?,60
121,shun lee palace,155 e. 55th st.,?,212-371-8844,?,60
122,sign of the dove,1110 3rd ave. at 65th st.,new york,?,?,61
123,sign of the dove,1110 third ave.,?,212-861-8080,?,?
124,smith & wollensky,201 e. 49th st.,?,?,american,?
125,smith & wollensky,797 third ave.,?,?,steakhouses,62
126,tavern on the green,in central park at 67th st.,?,?,?,?
127,tavern on the green,central park west,?,?,?,?
128,uncle nick's,747 9th ave.  between 50th and 51st sts.,new york,?,mediterranean,64
129,uncle nick's,747 ninth ave.,new york city,?,?,?
130,union square cafe,21 e. 16th st.,new york,?,?,65
131,union square cafe,21 e. 16th st.,?,?,?,65
132,virgil's,152 w. 44th st.,new york,212/ 921-9494,?,?
133,virgil's real bbq,152 w. 44th st.,?,?,?,66
134,chin's,3200 las vegas blvd. s,?,?,?,67
135,chin's,3200 las vegas blvd. s.,?,702-733-8899,?,?
136,coyote cafe,3799 las vegas blvd. s,?,?,southwestern,?
137,coyote cafe (las vegas),3799 las vegas blvd. s.,?,?,southwestern,?
138,le montrachet,3000 w. paradise rd.,las vegas,702/732-5111,continental,?
139,le montrachet bistro,3000 paradise rd.,?,702-732-5651,?,?
140,palace court,3570 las vegas blvd. s,?,702/731-7547,?,?
141,palace court,3570 las vegas blvd. s.,las vegas,702-731-7110,?,?
142,second street grille,200 e. fremont st.,las vegas,?,?,71
143,second street grill,200 e. fremont st.,?,702-385-6277,?,71
144,steak house,2880 las vegas blvd. s,?,?,steak houses,?
145,steak house  the,2880 las vegas blvd. s.,las vegas,702-734-0410,?,72
146,tillerman,2245 e. flamingo rd.,las vegas,702/731-4036,?,?
147,tillerman  the,2245 e. flamingo rd.,?,?,?,?
148,abruzzi,2355 peachtree rd.  peachtree battle shopping center,?,?,?,?
149,abruzzi,2355 peachtree rd. ne,?,404-261-8186,?,74
150,bacchanalia,3125 piedmont rd.  near peachtree rd.,?,404/365-0410,?,75
151,bacchanalia,3125 piedmont rd.,?,404-365-0410,californian,?
152,bone's,3130 piedmont road,?,?,american,76
153,bone's restaurant,3130 piedmont rd. ne,?,?,?,76
154,brasserie le coze,3393 peachtree rd.  lenox square mall  near neiman marcus,?,404/266-1440,?,?
155,brasserie le coze,3393 peachtree rd.,?,404-266-1440,french bistro,77
156,buckhead diner,3073 piedmont road,?,?,american,?
157,buckhead diner,3073 piedmont rd.,atlanta,?,?,?
158,ciboulette,1529 piedmont ave.,?,404/874-7600,french,?
159,ciboulette restaurant,1529 piedmont ave.,?,?,?,?
160,delectables,1 margaret mitchell sq.,atlanta,404/681-2909,american,?
161,delectables,1 margaret mitchell sq.,?,404-681-2909,cafeterias,80
162,georgia grille,2290 peachtree rd.  peachtree square shopping center,?,?,american,?
163,georgia grille,2290 peachtree rd.,?,?,?,?
164,hedgerose heights inn,490 e. paces ferry rd.,?,404/233-7673,?,?
165,hedgerose heights inn  the,490 e. paces ferry rd. ne,atlanta,?,?,82
166,heera of india,595 piedmont ave.  rio shopping mall,?,?,asian,?
167,heera of india,595 piedmont ave.,atlanta,?,?,83
168,indigo coastal grill,1397 n. highland ave.,atlanta,?,caribbean,?
169,indigo coastal grill,1397 n. highland ave.,atlanta,?,eclectic,?
170,la grotta,2637 peachtree rd.  peachtree house condominium,?,?,?,?
171,la grotta,2637 peachtree rd. ne,atlanta,404-231-1368,?,?
172,mary mac's tea room,224 ponce de leon ave.,atlanta,404/876-1800,southern,86
173,mary mac's tea room,224 ponce de leon ave.,?,?,southern/soul,86
174,nikolai's roof,255 courtland st.  at harris st.,?,?,continental,87
175,nikolai's roof,255 courtland st.,?,404-221-6362,?,?
176,pano's and paul's,1232 w. paces ferry rd.,atlanta,?,?,88
177,pano's & paul's,1232 w. paces ferry rd.,atlanta,404-261-3662,?,88
178,cafe  ritz-carlton  buckhead,3434 peachtree rd.,atlanta,404/237-2700,?,89
179,ritz-carlton cafe (buckhead),3434 peachtree rd. ne,atlanta,404-237-2700,american (new),89
180,dining room  ritz-carlton  buckhead,3434 peachtree rd.,atlanta,?,?,90
181,ritz-carlton dining room (buckhead),3434 peachtree rd. ne,?,?,?,?
182,restaurant  ritz-carlton  atlanta,181 peachtree st.,atlanta,?,?,91
183,ritz-carlton restaurant,181 peachtree st.,?,?,french (classic),?
184,toulouse,b peachtree rd.,?,404/351-9533,?,92
185,toulouse,293-b peachtree rd.,?,404-351-9533,?,?
186,veni vidi vici,41 14th st.,atlanta,?,?,93
187,veni vidi vici,41 14th st.,?,?,italian,?
188,alain rondelli,126 clement st.,?,?,?,?
189,alain rondelli,126 clement st.,?,?,?,?
190,aqua,252 california st.,?,415/956-9662,seafood,95
191,aqua,252 california st.,san francisco,?,?,95
192,boulevard,1 mission st.,?,?,?,?
193,boulevard,1 mission st.,?,415-543-6084,?,?
194,cafe claude,7 claude la.,?,?,?,97
195,cafe claude,7 claude ln.,?,415-392-3505,?,97
196,campton place,340 stockton st.,san francisco,?,american,98
197,campton place,340 stockton st.,?,?,?,98
198,chez michel,804 northpoint,san francisco,?,?,?
199,chez michel,804 north point st.,?,?,californian,?
200,fleur de lys,777 sutter st.,?,?,french,100
201,fleur de lys,777 sutter st.,san francisco,?,?,100
202,fringale,570 4th st.,?,415/543-0573,french,?
203,fringale,570 fourth st.,?,415-543-0573,french bistro,101
204,hawthorne lane,22 hawthorne st.,san francisco,?,?,102
205,hawthorne lane,22 hawthorne st.,san francisco,?,?,?
206,khan toke thai house,5937 geary blvd.,?,?,asian,?
207,khan toke thai house,5937 geary blvd.,san francisco,415-668-6654,?,103
208,la folie,2316 polk st.,san francisco,415/776-5577,?,104
209,la folie,2316 polk st.,san francisco,415-776-5577,?,104
210,lulu,816 folsom st.,?,?,?,?
211,lulu restaurant-bis-cafe,816 folsom st.,san francisco,?,mediterranean,105
212,masa's,648 bush st.,san francisco,?,?,?
213,masa's,648 bush st.,san francisco,415-989-7154,french (new),106
214,mifune japan center  kintetsu building,1737 post st.,san francisco,?,?,?
215,mifune,1737 post st.,san francisco,?,?,?
216,plumpjack cafe,3201 fillmore st.,?,415/563-4755,?,?
217,plumpjack cafe,3127 fillmore st.,?,415-563-4755,?,108
218,postrio,545 post st.,san francisco,?,american,?
219,postrio,545 post st.,?,?,?,?
220,ritz-carlton restaurant and dining room,600 stockton st.,san francisco,?,?,?
221,ritz-carlton dining room (san francisco),600 stockton st.,san francisco,415-296-7465,?,?
222,rose pistola,532 columbus ave.,?,?,italian,111
223,rose pistola,532 columbus ave.,?,?,?,?
224,adriano's ristorante,2930 beverly glen circle,los angeles,310/475-9807,italian,?
225,barney greengrass,9570 wilshire blvd.,?,310/777-5877,american,?
226,beaurivage,26025 pacific coast hwy.,?,310/456-5733,?,114
227,bistro garden,176 n. canon dr.,?,310/550-3900,?,115
228,border grill,4th st.,los angeles,310/451-1655,?,116
229,broadway deli,3rd st. promenade,?,?,american,?
230,ca'brea,346 s. la brea ave.,?,?,?,?
231,ca'del sol,4100 cahuenga blvd.,?,?,?,?
232,cafe pinot,700 w. fifth st.,?,213/239-6500,?,?
233,california pizza kitchen,207 s. beverly dr.,?,?,?,121
234,canter's,419 n. fairfax ave.,?,?,american,?
235,cava,3rd st.,?,?,?,123
236,cha cha cha,656 n. virgil ave.,los angeles,?,?,?
237,chan dara,310 n. larchmont blvd.,los angeles,?,?,125
238,clearwater cafe,168 w. colorado blvd.,?,?,?,126
239,dining room,9500 wilshire blvd.,los angeles,?,?,?
240,dive!,10250 santa monica blvd.,los angeles,310/788-,?,?
241,drago,2628 wilshire blvd.,?,310/828-1585,?,129
242,drai's,730 n. la cienega blvd.,los angeles,?,?,?
243,dynasty room,930 hilgard ave.,los angeles,?,continental,131
244,eclipse,8800 melrose ave.,?,?,?,132
245,ed debevic's,134 n. la cienega,?,?,?,?
246,el cholo,1121 s. western ave.,los angeles,213/734-2773,?,134
247,gilliland's,2424 main st.,?,?,american,135
248,gladstone's,4 fish 17300 pacific coast hwy. at sunset blvd.,?,?,?,?
249,hard rock cafe,8600 beverly blvd.,?,?,?,137
250,harry's bar & american grill,2020 ave. of the stars,?,?,italian,138
251,il fornaio cucina italiana,301 n. beverly dr.,?,?,?,?
252,jack sprat's grill,10668 w. pico blvd.,?,?,health food,140
253,jackson's farm,439 n. beverly drive,?,?,?,?
254,jimmy's,201 moreno dr.,los angeles,310/552-2394,?,?
255,joss,9255 sunset blvd.,los angeles,?,asian,143
256,le colonial,8783 beverly blvd.,?,310/289-0660,asian,?
257,le dome,8720 sunset blvd.,?,?,french,?
258,louise's trattoria,4500 los feliz blvd.,?,?,italian,146
259,mon kee seafood restaurant,679 n. spring st.,?,213/628-6717,?,147
260,morton's,8764 melrose ave.,los angeles,310/276-5205,?,?
261,nate 'n' al's,414 n. beverly dr.,?,?,?,?
262,nicola,601 s. figueroa st.,?,213/485-0927,?,?
263,ocean avenue,1401 ocean ave.,?,310/394-5669,?,?
264,orleans,11705 national blvd.,los angeles,310/479-4187,?,152
265,pacific dining car,6th st.,?,?,?,153
266,paty's,10001 riverside dr.,toluca lake,818/761-9126,?,154
267,pinot hollywood,1448 n. gower st.,los angeles,?,?,?
268,posto,14928 ventura blvd.,?,?,italian,?
269,prego,362 n. camden dr.,?,310/277-7346,italian,157
270,rj's the rib joint,252 n. beverly dr.,los angeles,?,?,158
271,remi,3rd st. promenade,?,?,?,159
272,restaurant horikawa,111 s. san pedro st.,los angeles,213/680-9355,asian,160
273,roscoe's house of chicken 'n' waffles,1514 n. gower st.,los angeles,?,american,?
274,schatzi on main,3110 main st.,los angeles,?,continental,?
275,sofi,3rd st.,los angeles,?,mediterranean,163
276,swingers,8020 beverly blvd.,los angeles,?,?,?
277,tavola calda,7371 melrose ave.,?,?,?,?
278,the mandarin,430 n. camden dr.,?,?,?,?
279,tommy tang's,7313 melrose ave.,?,?,?,?
280,tra di noi,3835 cross creek rd.,los angeles,?,?,168
281,trader vic's,9876 wilshire blvd.,los angeles,?,?,?
282,vida,1930 north hillhurst ave.,?,?,american,?
283,west beach cafe,60 n. venice blvd.,?,?,?,?
284,20 mott,20 mott st.  between bowery and pell st.,?,?,asian,172
285,9 jones street,9 jones st.,?,?,?,?
286,adrienne,700 5th ave. at 55th st.,?,?,?,?
287,agrotikon,322 e. 14 st.  between 1st and 2nd aves.,new york,?,?,?
288,aja,937 broadway at 22nd st.,?,?,?,176
289,alamo,304 e. 48th st.,new york,?,mexican,177
290,alley's end,311 w. 17th st.,new york,?,?,178
291,ambassador grill,1 united nations plaza at 44th st.,?,?,?,?
292,american place,2 park ave. at 32nd st.,?,?,american,180
293,anche vivolo,222 e. 58th st.  between 2nd and 3rd aves.,new york,212/308-0112,?,181
294,arizona,206 206 e. 60th st.,?,?,?,182
295,arturo's,106 w. houston st.  off thompson st.,?,?,italian,?
296,au mandarin,200-250 vesey st. world financial center,?,?,?,184
297,bar anise,1022 3rd ave.  between 60th and 61st sts.,?,?,?,?
298,barbetta,321 w. 46th st.,new york,212/246-9171,?,186
299,ben benson's,123 w. 52nd st.,new york,212/581-8888,american,?
300,big cup,228 8th ave.  between 21st and 22nd sts.,new york,212/206-0059,?,188
301,billy's,948 1st ave.  between 52nd and 53rd sts.,?,?,american,189
302,boca chica,13 1st ave.  near 1st st.,?,?,?,190
303,bolo,23 e. 22nd st.,new york,212/228-2200,?,191
304,boonthai,1393a 2nd ave.  between 72nd and 73rd sts.,?,?,asian,192
305,bouterin,420 e. 59th st.  off 1st ave.,new york,212/758-0323,?,?
306,brothers bar-b-q,225 varick st. at clarkston st.,new york,212/727-2775,?,?
307,bruno,240 e. 58th st.,new york,212/688-4190,?,?
308,bryant park grill  roof restaurant and bp cafe,25 w. 40th st.  between 5th and 6th aves.,?,212/840-6500,?,?
309,c3,103 waverly pl.  near washington sq.,?,?,?,?
310,ct,111 e. 22nd st.  between park ave. s and lexington ave.,?,?,?,?
311,cafe bianco,1486 2nd ave.  between 77th and 78th sts.,new york,212/988-2655,coffee bar,199
312,cafe botanica,160 central park s,?,?,?,?
313,cafe la fortuna,69 w. 71st st.,?,?,?,201
314,cafe luxembourg,200 w. 70th st.,?,212/873-7411,?,202
315,cafe pierre,2 e. 61st st.,?,?,?,203
316,cafe centro,200 park ave.  between 45th st. and vanderbilt ave.,?,212/818-1222,french,?
317,cafe fes,246 w. 4th st. at charles st.,new york,?,?,?
318,caffe dante,81 macdougal st.  between houston and bleeker sts.,?,?,?,206
319,caffe dell'artista,46 greenwich ave.,?,?,?,?
320,caffe lure,169 sullivan st.  between houston and bleecker sts.,new york,?,french,208
321,caffe reggio,119 macdougal st.  between 3rd and bleecker sts.,new york,?,?,?
322,caffe roma,385 broome st. at mulberry,?,?,coffee bar,?
323,caffe vivaldi,32 jones st. at bleecker st.,new york,212/691-7538,?,?
324,caffe bondi ristorante,7 w. 20th st.,?,?,italian,?
325,capsouto freres,451 washington st.  near watts st.,new york,?,?,213
326,captain's table,860 2nd ave. at 46th st.,new york,212/697-9538,seafood,214
327,casa la femme,150 wooster st.  between houston and prince sts.,?,?,middle eastern,215
328,cendrillon asian grill & marimba bar,45 mercer st.  between broome and grand sts.,?,?,asian,?
329,chez jacqueline,72 macdougal st.  between w. houston and bleecker sts.,?,212/505-0727,?,?
330,chiam,160 e. 48th st.,new york,212/371-2323,?,?
331,china grill,60 w. 53rd st.,?,?,?,?
332,cite,120 w. 51st st.,?,?,french,220
333,coco pazzo,23 e. 74th st.,?,212/794-0205,italian,221
334,columbus bakery,53rd sts.,?,?,coffee bar,222
335,corrado cafe,1013 3rd ave.  between 60th and 61st sts.,?,212/753-5100,coffee bar,?
336,cupcake cafe,522 9th ave. at 39th st.,?,212/465-1530,?,?
337,da nico,164 mulberry st.  between grand and broome sts.,new york,212/343-1212,italian,?
338,dean & deluca,121 prince st.,new york,?,?,226
339,diva,341 w. broadway  near grand st.,?,?,?,227
340,dix et sept,181 w. 10th st.,new york,?,french,228
341,docks,633 3rd ave. at 40th st.,new york,?,?,229
342,duane park cafe,157 duane st.  between w. broadway and hudson st.,?,?,american,?
343,el teddy's,219 w. broadway  between franklin and white sts.,?,?,?,?
344,emily's,1325 5th ave. at 111th st.,?,?,?,232
345,empire korea,6 e. 32nd st.,new york,?,?,?
346,ernie's,2150 broadway  between 75th and 76th sts.,?,?,?,?
347,evergreen cafe,1288 1st ave. at 69th st.,new york,212/744-3266,asian,?
348,f. ille ponte ristorante,39 desbrosses st.  near west st.,new york,212/226-4621,italian,236
349,felix,340 w. broadway at grand st.,new york,?,french,237
350,ferrier,29 e. 65th st.,?,?,?,?
351,fifty seven fifty seven,57 e. 57th st.,?,212/758-5757,american,?
352,film center cafe,635 9th ave.  between 44th and 45th sts.,?,?,american,?
353,fiorello's roman cafe,1900 broadway  between 63rd and 64th sts.,new york,?,italian,?
354,firehouse,522 columbus ave.  between 85th and 86th sts.,new york,?,american,?
355,first,87 1st ave.  between 5th and 6th sts.,?,?,?,243
356,fishin eddie,73 w. 71st st.,?,?,seafood,?
357,fleur de jour,348 e. 62nd st.,?,212/355-2020,coffee bar,?
358,flowers,21 west 17th st.  between 5th and 6th aves.,new york,?,american,246
359,follonico,6 w. 24th st.,new york,212/691-6359,italian,?
360,fraunces tavern,54 pearl st. at broad st.,?,?,american,?
361,french roast,458 6th ave. at 11th st.,?,212/533-2233,french,?
362,french roast cafe,2340 broadway at 85th st.,?,?,?,250
363,frico bar,402 w. 43rd st.  off 9th ave.,?,212/564-7272,italian,?
364,fujiyama mama,467 columbus ave.  between 82nd and 83rd sts.,?,?,?,?
365,gabriela's,685 amsterdam ave. at 93rd st.,new york,?,mexican,253
366,gallagher's,228 w. 52nd st.,?,?,?,254
367,gianni's,15 fulton st.,?,?,?,?
368,girafe,208 e. 58th st.  between 2nd and 3rd aves.,new york,?,italian,256
369,global,33 93 2nd ave.  between 5th and 6th sts.,new york,?,?,?
370,golden unicorn,18 e. broadway at catherine st.,new york,?,?,?
371,grand ticino,228 thompson st.  between w. 3rd and bleecker sts.,?,?,italian,?
372,halcyon,151 w. 54th st.  in the rihga royal hotel,new york,?,?,?
373,hard rock cafe,221 w. 57th st.,new york,212/489-6565,american,261
374,hi-life restaurant and lounge,1340 1st ave. at 72nd st.,new york,212/249-3600,?,262
375,home,20 cornelia st.  between bleecker and w. 4th st.,?,?,american,263
376,hudson river club,4 world financial center,?,?,american,?
377,i trulli,122 e. 27th st.  between lexington and park aves.,new york,212/481-7372,italian,265
378,il cortile,125 mulberry st.  between canal and hester sts.,new york,?,?,?
379,il nido,251 e. 53rd st.,?,212/753-8450,italian,267
380,inca grill,492 broome st.  near w. broadway,?,?,latin american,268
381,indochine,430 lafayette st.  between 4th st. and astor pl.,new york,?,?,?
382,internet cafe,82 e. 3rd st.  between 1st and 2nd aves.,?,212/ 614-0747,?,?
383,ipanema,13 w. 46th st.,new york,212/730-5848,?,?
384,jean lafitte,68 w. 58th st.,?,?,?,?
385,jewel of india,15 w. 44th st.,?,?,?,?
386,jimmy sung's,219 e. 44th st.  between 2nd and 3rd aves.,new york,?,?,?
387,joe allen,326 w. 46th st.,new york,212/581-6464,?,?
388,judson grill,152 w. 52nd st.,new york,?,?,276
389,l'absinthe,227 e. 67th st.,?,212/794-4950,french,?
390,l'auberge,1191 1st ave.  between 64th and 65th sts.,new york,?,?,278
391,l'auberge du midi,310 w. 4th st.  between w. 12th and bank sts.,new york,?,french,?
392,l'udo,432 lafayette st.  near astor pl.,?,?,?,?
393,la reserve,4 w. 49th st.,?,?,?,?
394,lanza restaurant,168 1st ave.  between 10th and 11th sts.,new york,212/674-7014,?,?
395,lattanzi ristorante,361 w. 46th st.,new york,212/315-0980,?,?
396,layla,211 w. broadway at franklin st.,new york,212/431-0700,?,?
397,le chantilly,106 e. 57th st.,new york,?,french,285
398,le colonial,149 e. 57th st.,new york,?,?,?
399,le gamin,50 macdougal st.  between houston and prince sts.,?,212/254-4678,coffee bar,287
400,le jardin,25 cleveland pl.  near spring st.,new york,212/343-9599,?,288
401,le madri,168 w. 18th st.,new york,212/727-8022,?,289
402,le marais,150 w. 46th st.,new york,?,?,290
403,le perigord,405 e. 52nd st.,?,212/755-6244,french,291
404,le select,507 columbus ave.  between 84th and 85th sts.,new york,212/875-1993,american,292
405,les halles,411 park ave. s  between 28th and 29th sts.,new york,?,french,?
406,lincoln tavern,51 w. 64th st.,new york,?,american,?
407,lola,30 west 22nd st.  between 5th and 6th ave.,new york,212/675-6700,american,?
408,lucky strike,59 grand st.  between wooster st. and w. broadway,?,?,?,?
409,mad fish,2182 broadway  between 77th and 78th sts.,?,212/787-0202,seafood,297
410,main street,446 columbus ave.  between 81st and 82nd sts.,?,?,?,?
411,mangia e bevi,800 9th ave. at 53rd st.,?,?,italian,299
412,manhattan cafe,1161 1st ave.  between 63rd and 64th sts.,?,?,american,?
413,manila garden,325 e. 14th st.  between 1st and 2nd aves.,new york,212/777-6314,asian,301
414,marichu,342 e. 46th st.  between 1st and 2nd aves.,new york,212/370-1866,?,?
415,marquet patisserie,15 e. 12th st.  between 5th ave. and university pl.,?,?,?,?
416,match,160 mercer st.  between houston and prince sts.,?,?,american,304
417,matthew's,1030 3rd ave. at 61st st.,?,212/838-4343,?,305
418,mavalli palace,46 e. 29th st.,?,212/679-5535,?,?
419,milan cafe and coffee bar,120 w. 23rd st.,?,?,?,307
420,monkey bar,60 e. 54th st.,?,?,?,?
421,montien,1134 1st ave.   between 62nd and 63rd sts.,?,?,asian,?
422,morton's,551 5th ave. at 45th st.,?,?,?,?
423,motown cafe,104 w. 57th st.  near 6th ave.,?,?,?,?
424,new york kom tang soot bul house,32 w. 32nd st.,new york,?,?,?
425,new york noodletown,28 1/2 bowery at bayard st.,?,?,?,313
426,newsbar,2 w. 19th st.,new york,?,coffee bar,?
427,odeon,145 w. broadway at thomas st.,?,?,?,315
428,orso,322 w. 46th st.,new york,?,?,316
429,osteria al droge,142 w. 44th st.,?,?,italian,?
430,otabe,68 e. 56th st.,?,212/223-7575,?,318
431,pacifica,138 lafayette st.  between canal and howard sts.,new york,?,asian,?
432,palio,151 w. 51st. st.,new york,?,?,320
433,pamir,1065 1st ave.  at 58th st.,?,212/644-9258,?,321
434,parioli romanissimo,24 e. 81st st.,new york,212/288-2391,?,322
435,patria,250 park ave. s at 20th st.,new york,212/777-6211,latin american,323
436,peacock alley,301 park ave.  between 49th and 50th sts.,new york,?,?,?
437,pen & pencil,205 e. 45th st.,?,212/682-8660,?,325
438,penang soho,109 spring st.  between greene and mercer sts.,?,212/274-8883,?,?
439,persepolis,1423 2nd ave.  between 74th and 75th sts.,new york,?,middle eastern,?
440,planet hollywood,140 w. 57th st.,?,212/333-7827,?,?
441,pomaire,371 w. 46th st.  off 9th ave.,?,?,latin american,?
442,popover cafe,551 amsterdam ave.  between 86th and 87th sts.,?,212/595-8555,?,?
443,post house,28 e. 63rd st.,?,?,?,331
444,rain,100 w. 82nd st.,new york,?,asian,?
445,red tulip,439 e. 75th st.,new york,?,eastern european,333
446,remi,145 w. 53rd st.,new york,?,?,?
447,republic,37a union sq. w  between 16th and 17th sts.,?,?,?,?
448,roettelle a. g,126 e. 7th st.  between 1st ave. and ave. a,?,212/674-4140,?,?
449,rosa mexicano,1063 1st ave. at 58th st.,?,212/753-7407,?,337
450,ruth's chris,148 w. 51st st.,?,?,?,338
451,s.p.q.r,133 mulberry st.  between hester and grand sts.,?,?,?,339
452,sal anthony's,55 irving pl.,?,?,?,340
453,sammy's roumanian steak house,157 chrystie st. at delancey st.,?,212/673-0330,?,?
454,san pietro,18 e. 54th st.,new york,?,italian,?
455,sant ambroeus,1000 madison ave.  between 77th and 78th sts.,?,?,coffee bar,?
456,sarabeth's kitchen,423 amsterdam ave.  between 80th and 81st sts.,new york,?,?,?
457,sea grill,19 w. 49th st.,?,?,?,345
458,serendipity,3 225 e. 60th st.,new york,?,?,?
459,seventh regiment mess and bar,643 park ave. at 66th st.,new york,212/744-4107,?,?
460,sfuzzi,58 w. 65th st.,?,212/873-3700,american,?
461,shaan,57 w. 48th st.,?,?,asian,?
462,sofia fabulous pizza,1022 madison ave.  near 79th st.,new york,?,?,?
463,spring street natural restaurant & bar,62 spring st. at lafayette st.,?,212/966-0290,american,351
464,stage deli,834 7th ave.  between 53rd and 54th sts.,new york,?,delicatessen,352
465,stingray,428 amsterdam ave.  between 80th and 81st sts.,new york,?,seafood,?
466,sweet'n'tart cafe,76 mott st. at canal st.,?,?,?,354
467,t salon,143 mercer st. at prince st.,?,212/925-3700,coffee bar,?
468,tang pavillion,65 w. 55th st.,?,?,?,356
469,tapika,950 8th ave. at 56th st.,?,?,?,357
470,teresa's,103 1st ave.  between 6th and 7th sts.,?,?,?,358
471,terrace,400 w. 119th st.  between amsterdam and morningside aves.,?,?,continental,359
472,the coffee pot,350 9th ave. at 49th st.,new york,?,?,360
473,the savannah club,2420 broadway at 89th st.,?,?,american,361
474,trattoria dell'arte,900 7th ave.  between 56th and 57th sts.,?,212/245-9800,italian,?
475,triangolo,345 e. 83rd st.,new york,212/472-4488,?,?
476,tribeca grill,375 greenwich st.  near franklin st.,?,?,?,?
477,trois jean,154 e. 79th st.  between lexington and 3rd aves.,new york,?,?,365
478,tse yang,34 e. 51st st.,new york,?,?,366
479,turkish kitchen,386 3rd ave.  between 27th and 28th sts.,?,?,middle eastern,367
480,two two two,222 w. 79th st.,new york,?,?,?
481,veniero's pasticceria,342 e. 11th st.  near 1st ave.,?,?,?,369
482,verbena,54 irving pl. at 17th st.,?,?,american,370
483,victor's cafe,52 236 w. 52nd st.,new york,?,?,371
484,vince & eddie's,70 w. 68th st.,?,212/721-0068,?,?
485,vong,200 e. 54th st.,?,212/486-9592,?,?
486,water club,500 e. 30th st.,?,212/683-3333,american,374
487,west,63rd street steakhouse 44 w. 63rd st.,new york,?,?,?
488,xunta,174 1st ave.  between 10th and 11th sts.,new york,?,mediterranean,?
489,zen palate,34 union sq. e at 16th st.,?,?,?,?
490,zoe,90 prince st.  between broadway and mercer st.,new york,?,american,?
491,abbey,163 ponce de leon ave.,?,404/876-8532,?,?
492,aleck's barbecue heaven,783 martin luther king jr. dr.,atlanta,?,?,?
493,annie's thai castle,3195 roswell rd.,atlanta,404/264-9546,asian,381
494,anthonys,3109 piedmont rd.  just south of peachtree rd.,?,404/262-7379,?,?
495,atlanta fish market,265 pharr rd.,?,?,?,?
496,beesley's of buckhead,260 e. paces ferry road,atlanta,?,continental,?
497,bertolini's,3500 peachtree rd.  phipps plaza,atlanta,?,?,?
498,bistango,1100 peachtree st.,?,?,?,?
499,cafe renaissance,7050 jimmy carter blvd.  norcross,?,?,?,?
500,camille's,1186 n. highland ave.,?,404/872-7203,italian,?
501,cassis,3300 peachtree rd.  grand hyatt,?,?,mediterranean,?
502,city grill,50 hurt plaza,atlanta,404/524-2489,international,?
503,coco loco,40  buckhead crossing mall on the sidney marcus blvd.,?,404/364-0212,?,391
504,colonnade restaurant,1879 cheshire bridge rd.,atlanta,?,southern,392
505,dante's down the hatch  buckhead,3380 peachtree rd.,?,404/266-1600,?,393
506,dante's down the hatch,underground underground mall  underground atlanta,atlanta,404/577-1800,?,394
507,fat matt's rib shack,1811 piedmont ave.  near cheshire bridge rd.,?,?,?,395
508,french quarter food shop,923 peachtree st.  at 8th st.,?,?,?,396
509,holt bros. bar-b-q,6359 jimmy carter blvd.  at buford hwy.  norcross,?,770/242-3984,barbecue,?
510,horseradish grill,4320 powers ferry rd.,?,?,?,398
511,hsu's gourmet,192 peachtree center ave.  at international blvd.,?,?,?,399
512,imperial fez,2285 peachtree rd.  peachtree battle condominium,?,?,?,?
513,kamogawa,3300 peachtree rd.  grand hyatt,?,?,?,401
514,la grotta at ravinia dunwoody rd.,holiday inn/crowne plaza at ravinia  dunwoody,atlanta,?,italian,?
515,little szechuan,c buford hwy.  northwoods plaza  doraville,?,770/451-0192,asian,?
516,lowcountry barbecue,6301 roswell rd.  sandy springs plaza  sandy springs,atlanta,404/255-5160,barbecue,?
517,luna si,1931 peachtree rd.,?,404/355-5993,?,?
518,mambo restaurante cubano,1402 n. highland ave.,atlanta,404/874-2626,?,406
519,mckinnon's louisiane,3209 maple dr.,?,?,?,407
520,mi spia dunwoody rd.,park place  across from perimeter mall  dunwoody,?,?,italian,408
521,nickiemoto's: a sushi bar,247 buckhead ave.  east village sq.,atlanta,?,fusion,409
522,palisades,1829 peachtree rd.,?,404/350-6755,?,?
523,pleasant peasant,555 peachtree st.  at linden ave.,?,?,american,411
524,pricci,500 pharr rd.,?,404/237-2941,italian,?
525,r.j.'s uptown kitchen & wine bar,870 n. highland ave.,?,?,american,?
526,rib ranch,25 irby ave.,?,404/233-7644,?,?
527,sa tsu ki,3043 buford hwy.,?,404/325-5285,?,?
528,sato sushi and thai,6050 peachtree pkwy.  norcross,?,?,asian,?
529,south city kitchen,1144 crescent ave.,?,?,?,417
530,south of france,2345 cheshire bridge rd.,?,?,?,418
531,stringer's fish camp and oyster bar,3384 shallowford rd.  chamblee,?,770/458-7145,southern,?
532,sundown cafe,2165 cheshire bridge rd.,atlanta,404/321-1118,?,?
533,taste of new orleans,889 w. peachtree st.,?,?,?,421
534,tomtom,3393 peachtree rd.,atlanta,?,?,422
535,antonio's,3700 w. flamingo,las vegas,?,?,423
536,bally's big kitchen,3645 las vegas blvd. s,las vegas,?,?,424
537,bamboo garden,4850 flamingo rd.,?,702/871-3262,asian,?
538,battista's hole in the wall,4041 audrie st. at flamingo rd.,las vegas,?,?,?
539,bertolini's,3570 las vegas blvd. s,?,?,?,427
540,binion's coffee shop,128 fremont st.,las vegas,702/382-1600,?,?
541,bistro,3400 las vegas blvd. s,las vegas,702/791-7111,continental,?
542,broiler,4111 boulder hwy.,las vegas,702/432-7777,american,430
543,bugsy's diner,3555 las vegas blvd. s,?,?,?,?
544,cafe michelle,1350 e. flamingo rd.,las vegas,?,american,?
545,cafe roma,3570 las vegas blvd. s,?,?,coffee shops/diners,?
546,capozzoli's,3333 s. maryland pkwy.,?,?,?,434
547,carnival world,3700 w. flamingo rd.,?,?,?,435
548,center stage plaza hotel,1 main st.,?,?,?,?
549,circus circus,2880 las vegas blvd. s,las vegas,?,?,?
550,empress court,3570 las vegas blvd. s,?,702/731-7888,?,438
551,feast,2411 w. sahara ave.,las vegas,?,?,?
552,golden nugget hotel,129 e. fremont st.,?,702/385-7111,?,?
553,golden steer,308 w. sahara ave.,las vegas,702/384-4470,steak houses,?
554,lillie langtry's,129 e. fremont st.,?,702/385-7111,asian,442
555,mandarin court,1510 e. flamingo rd.,las vegas,702/737-1234,?,443
556,margarita's mexican cantina,3120 las vegas blvd. s,?,?,mexican,?
557,mary's diner,5111 w. boulder hwy.,?,702/454-8073,?,445
558,mikado,3400 las vegas blvd. s,?,?,asian,?
559,pamplemousse,400 e. sahara ave.,?,?,continental,447
560,ralph's diner,3000 las vegas blvd. s,las vegas,702/732-6330,?,448
561,the bacchanal,3570 las vegas blvd. s,?,702/731-7525,only in las vegas,449
562,venetian,3713 w. sahara ave.,?,702/876-4190,italian,?
563,viva mercado's,6182 w. flamingo rd.,las vegas,702/871-8826,?,451
564,yolie's,3900 paradise rd.,?,?,?,?
565,2223,2223 market st.,san francisco,415/431-0692,?,?
566,acquarello,1722 sacramento st.,san francisco,?,?,454
567,bardelli's,243 o'farrell st.,?,?,?,?
568,betelnut,2030 union st.,?,415/929-8855,?,?
569,bistro roti,155 steuart st.,san francisco,?,?,?
570,bix,56 gold st.,san francisco,?,?,458
571,bizou,598 fourth st.,?,?,?,459
572,buca giovanni,800 greenwich st.,?,?,?,460
573,cafe adriano,3347 fillmore st.,?,?,italian,?
574,cafe marimba,2317 chestnut st.,?,?,?,?
575,california culinary academy,625 polk st.,?,?,french,?
576,capp's corner,1600 powell st.,?,415/989-2589,?,464
577,carta,1772 market st.,san francisco,?,american,465
578,chevys,4th and howard sts.,san francisco,?,mexican/latin american/spanish,466
579,cypress club,500 jackson st.,?,?,?,467
580,des alpes,732 broadway,san francisco,?,french,?
581,faz,161 sutter st.,san francisco,415/362-0404,greek and middle eastern,469
582,fog city diner,1300 battery st.,san francisco,?,?,?
583,garden court,market and new montgomery sts.,san francisco,415/546-5011,?,?
584,gaylord's,ghirardelli sq.,san francisco,?,?,?
585,grand cafe hotel monaco,501 geary st.,san francisco,?,american,473
586,greens,bldg. a fort mason,?,?,vegetarian,474
587,harbor village,4 embarcadero center,?,415/781-8833,?,?
588,harris',2100 van ness ave.,?,?,?,?
589,harry denton's,161 steuart st.,?,?,american,477
590,hayes street grill,320 hayes st.,?,415/863-5545,?,478
591,helmand,430 broadway,san francisco,415/362-0641,?,?
592,hong kong flower lounge,5322 geary blvd.,san francisco,?,asian,?
593,hong kong villa,2332 clement st.,?,415/752-8833,?,481
594,hyde street bistro,1521 hyde st.,san francisco,?,?,?
595,il fornaio levi's plaza,1265 battery st.,san francisco,?,italian,?
596,izzy's steak & chop house,3345 steiner st.,san francisco,?,steak houses,?
597,jack's,615 sacramento st.,san francisco,?,old san francisco,?
598,kabuto sushi,5116 geary blvd.,san francisco,?,?,486
599,katia's,600 5th ave.,?,?,,487
600,kuleto's,221 powell st.,san francisco,?,italian,?
601,kyo-ya. sheraton palace hotel,2 new montgomery st.  at market st.,?,?,?,?
602,l'osteria del forno,519 columbus ave.,?,415/982-1124,?,?
603,le central,453 bush st.,san francisco,?,?,?
604,le soleil,133 clement st.,?,?,?,?
605,macarthur park,607 front st.,?,?,american,493
606,manora,3226 mission st.,?,?,asian,494
607,maykadeh,470 green st.,?,?,?,?
608,mccormick & kuleto's,ghirardelli sq.,?,415/929-1730,seafood,496
609,millennium,246 mcallister st.,?,?,?,?
610,moose's,1652 stockton st.,san francisco,415/989-7800,?,?
611,north india,3131 webster st.,?,415/931-1556,asian,499
612,one market,1 market st.,san francisco,415/777-5577,?,?
613,oritalia,1915 fillmore st.,san francisco,?,italian,?
614,pacific pan pacific hotel,500 post st.,?,415/929-2087,?,?
615,palio d'asti,640 sacramento st.,san francisco,?,?,?
616,pane e vino,3011 steiner st.,san francisco,415/346-2111,?,?
617,pastis,1015 battery st.,?,415/391-2555,french,?
618,perry's,1944 union st.,san francisco,415/922-9022,american,?
619,r&g lounge,631 b kearny st.,?,?,?,?
620,rubicon,558 sacramento st.,san francisco,?,american,508
621,rumpus,1 tillman pl.,?,415/421-2300,?,?
622,sanppo,1702 post st.,?,?,asian,?
623,scala's bistro,432 powell st.,?,?,italian,511
624,south park cafe,108 south park,?,?,french,512
625,splendido embarcadero,4,san francisco,?,mediterranean,513
626,stars,150 redwood alley,?,415/861-7827,?,?
627,stars cafe,500 van ness ave.,san francisco,415/861-4344,?,?
628,stoyanof's cafe,1240 9th ave.,?,415/664-3664,?,?
629,straits cafe,3300 geary blvd.,?,?,asian,517
630,suppenkuche,601 hayes st.,?,?,?,?
631,tadich grill,240 california st.,san francisco,415/391-2373,?,?
632,the heights,3235 sacramento st.,?,?,?,?
633,thepin,298 gough st.,?,415/863-9335,?,521
634,ton kiang,3148 geary blvd.,san francisco,415/752-4440,?,?
635,vertigo,600 montgomery st.,san francisco,415/433-7250,?,523
636,vivande porta via,2125 fillmore st.,?,?,?,524
637,vivande ristorante,670 golden gate ave.,san francisco,?,?,525
638,world wrapps,2257 chestnut st.,?,?,?,526
639,wu kong,101 spear st.,san francisco,415/957-9300,asian,?
640,yank sing,427 battery st.,san francisco,?,?,528
641,yaya cuisine,1220 9th ave.,?,415/566-6966,greek and middle eastern,?
642,yoyo tsumami bistro,1611 post st.,?,?,french,530
643,zarzuela,2000 hyde st.,san francisco,415/346-0800,?,?
644,zuni cafe & grill,1658 market st.,?,?,?,?
645,apple pan  the,10801 w. pico blvd.,?,?,american,?
646,asahi ramen,2027 sawtelle blvd.,west la,310-479-2231,?,?
647,baja fresh,3345 kimber dr.,?,805-498-4049,?,536
648,belvedere  the,9882 little santa monica blvd.,beverly hills,?,?,537
649,benita's frites,1433 third st. promenade,?,?,fast food,538
650,bernard's,515 s. olive st.,?,?,continental,539
651,bistro 45,45 s. mentor ave.,?,?,californian,?
652,brent's deli,19565 parthenia ave.,?,?,?,?
653,brighton coffee shop,9600 brighton way,?,310-276-7732,coffee shops,542
654,bristol farms market cafe,1570 rosecrans ave. s.,pasadena,?,?,?
655,bruno's,3838 centinela ave.,mar vista,?,italian,?
656,cafe '50s,838 lincoln blvd.,?,310-399-1955,american,?
657,cafe blanc,9777 little santa monica blvd.,?,?,?,546
658,cassell's,3266 w. sixth st.,?,?,hamburgers,?
659,chez melange,1716 pch,?,310-540-1222,eclectic,?
660,diaghilev,1020 n. san vicente blvd.,w. hollywood,?,?,?
661,don antonio's,1136 westwood blvd.,?,310-209-1422,?,?
662,duke's,8909 sunset blvd.,?,310-652-3100,?,?
663,falafel king,1059 broxton ave.,?,?,?,?
664,feast from the east,1949 westwood blvd.,?,?,?,553
665,gumbo pot  the,6333 w. third st.,?,?,?,?
666,hollywood hills coffee shop,6145 franklin ave.,hollywood,?,?,555
667,indo cafe,10428 1/2 national blvd.,?,310-815-1290,?,?
668,jan's family restaurant,8424 beverly blvd.,?,?,?,?
669,jiraffe,502 santa monica blvd,?,310-917-6671,californian,558
670,jody maroni's sausage kingdom,2011 ocean front walk,?,310-306-1995,?,559
671,joe's,1023 abbot kinney blvd.,?,310-399-5811,american (new),?
672,john o'groats,10516 w. pico blvd.,west la,?,?,561
673,johnnie's pastrami,4017 s. sepulveda blvd.,?,310-397-6654,delis,?
674,johnny reb's southern smokehouse,4663 long beach blvd.,long beach,?,southern/soul,?
675,johnny rockets (la),7507 melrose ave.,la,?,?,?
676,killer shrimp,4000 colfax ave.,?,818-508-1570,?,?
677,kokomo cafe,6333 w. third st.,?,?,?,?
678,koo koo roo,8393 w. beverly blvd.,?,213-655-9045,chicken,?
679,la cachette,10506 little santa monica blvd.,century city,310-470-4992,french (new),?
680,la salsa (la),22800 pch,malibu,310-456-6299,?,?
681,la serenata de garibaldi,1842 e. first,?,?,mexican/tex-mex,570
682,langer's,704 s. alvarado st.,?,?,?,?
683,local nochol,30869 thousand oaks blvd.,westlake village,818-706-7706,?,?
684,main course  the,10509 w. pico blvd.,rancho park,310-475-7564,?,573
685,mani's bakery & espresso bar,519 s. fairfax ave.,la,?,desserts,?
686,martha's,22nd street grill 25 22nd,st. hermosa beach,?,american,?
687,maxwell's cafe,13329 washington blvd.,?,310-306-7829,?,?
688,michael's (los angeles),1147 third st.,santa monica,?,?,577
689,mishima,8474 w. third st.,la,?,?,578
690,mo better meatty meat,7261 melrose ave.,la,213-935-5280,hamburgers,?
691,mulberry st.,17040 ventura blvd.,encino,?,?,580
692,ocean park cafe,3117 ocean park blvd.,santa monica,?,american,?
693,ocean star,145 n. atlantic blvd.,?,818-308-2128,?,?
694,original pantry bakery,875 s. figueroa st. downtown,?,?,diners,?
695,parkway grill,510 s. arroyo pkwy.,?,818-795-1001,?,?
696,pho hoa,642 broadway,chinatown,213-626-5530,?,?
697,pink's famous chili dogs,709 n. la brea ave.,?,213-931-4223,hot dogs,586
698,poquito mas,2635 w. olive ave.,burbank,?,mexican,587
699,r-23,923 e. third st.,?,213-687-7178,japanese,588
700,rae's,2901 pico blvd.,santa monica,?,?,589
701,rubin's red hots,15322 ventura blvd.,?,?,hot dogs,590
702,ruby's (la),45 s. fair oaks ave.,pasadena,818-796-7829,diners,?
703,russell's burgers,1198 pch,?,?,?,?
704,ruth's chris steak house (los angeles),224 s. beverly dr.,?,?,steakhouses,?
705,shiro,1505 mission st. s.,?,?,?,?
706,sushi nozawa,11288 ventura blvd.,studio city,?,?,?
707,sweet lady jane,8360 melrose ave.,?,?,?,?
708,taiko,11677 san vicente blvd.,?,?,noodle shops,?
709,tommy's,2575 beverly blvd.,la,?,hamburgers,?
710,uncle bill's pancake house,1305 highland ave.,manhattan beach,310-545-5177,?,?
711,water grill,544 s. grand ave.,los angeles,213-891-0900,?,?
712,zankou chicken,1415 e. colorado st.,?,?,?,601
713,afghan kebab house,764 ninth ave.,?,212-307-1612,?,?
714,arcadia,21 e. 62nd st.,new york city,?,american (new),603
715,benny's burritos,93 ave. a,?,212-254-2054,?,604
716,cafe con leche,424 amsterdam ave.,new york city,?,?,605
717,corner bistro,331 w. fourth st.,new york city,212-242-9502,?,606
718,cucina della fontana,368 bleecker st.,?,?,?,?
719,cucina di pesce,87 e. fourth st.,?,212-260-6800,?,608
720,darbar,44 w. 56th st.,new york city,212-432-7227,?,?
721,ej's luncheonette,432 sixth ave.,?,?,?,610
722,edison cafe,228 w. 47th st.,new york city,?,diners,?
723,elias corner,24-02 31st st.,?,?,?,?
724,good enough to eat,483 amsterdam ave.,?,212-496-0163,?,613
725,gray's papaya,2090 broadway,?,?,hot dogs,614
726,il mulino,86 w. third st.,?,?,?,615
727,jackson diner,37-03 74th st.,?,718-672-1232,?,?
728,joe's shanghai,9 pell st.,?,718-539-3838,chinese,?
729,john's pizzeria,48 w. 65th st.,?,212-721-7001,pizza,618
730,kelley & ping,127 greene st.,new york city,?,pan-asian,?
731,kiev,117 second ave.,?,?,ukrainian,620
732,kuruma zushi,2nd fl.,?,?,?,?
733,la caridad,2199 broadway,?,?,?,?
734,la grenouille,3 e. 52nd st.,?,212-752-1495,?,?
735,lemongrass grill,61a seventh ave.,?,?,?,?
736,lombardi's,32 spring st.,new york city,?,?,?
737,marnie's noodle shop,466 hudson st.,new york city,?,asian,?
738,menchanko-tei,39 w. 55th st.,?,?,?,?
739,mitali east-west,296 bleecker st.,?,212-989-1367,?,628
740,monsoon (ny),435 amsterdam ave.,?,?,thai,?
741,moustache,405 atlantic ave.,brooklyn,718-852-5555,middle eastern,?
742,nobu,105 hudson st.,new york city,?,?,631
743,one if by land  tibs,17 barrow st.,?,212-228-0822,continental,632
744,oyster bar,lower level,?,?,?,?
745,palm,837 second ave.,?,?,steakhouses,634
746,palm too,840 second ave.,new york city,212-697-5198,steakhouses,635
747,patsy's pizza,19 old fulton st.,?,?,pizza,?
748,peter luger steak house,178 broadway,?,718-387-7400,?,?
749,rose of india,308 e. sixth st.,?,212-533-5011,?,638
750,sam's noodle shop,411 third ave.,?,?,?,?
751,sarabeth's,1295 madison ave.,?,212-410-7335,american,640
752,sparks steak house,210 e. 46th st.,?,?,steakhouses,?
753,stick to your ribs,5-16 51st ave.,queens,?,bbq,?
754,sushisay,38 e. 51st st.,new york city,?,?,?
755,sylvia's,328 lenox ave.,?,212-996-0660,southern/soul,?
756,szechuan hunan cottage,1588 york ave.,new york city,212-535-5223,chinese,?
757,szechuan kitchen,1460 first ave.,new york city,212-249-4615,?,646
758,teresa's,80 montague st.,?,?,polish,?
759,thai house cafe,151 hudson st.,new york city,?,?,?
760,thailand restaurant,106 bayard st.,?,?,?,?
761,veselka,144 second ave.,new york city,212-228-9682,ukrainian,650
762,westside cottage,689 ninth ave.,?,212-245-0800,?,?
763,windows on the world,107th fl.,new york city,212-524-7000,?,?
764,wollensky's grill,205 e. 49th st.,?,?,?,653
765,yama,122 e. 17th st.,new york city,?,?,654
766,zarela,953 second ave.,new york city,?,mexican,?
767,andre's french restaurant,401 s. 6th st.,?,?,french (classic),656
768,buccaneer bay club,3300 las vegas blvd. s.,las vegas,?,?,?
769,buzio's in the rio,3700 w. flamingo rd.,las vegas,?,seafood,?
770,emeril's new orleans fish house,3799 las vegas blvd. s.,las vegas,702-891-7374,?,?
771,fiore rotisserie & grille,3700 w. flamingo rd.,?,702-252-7702,italian,?
772,hugo's cellar,202 e. fremont st.,?,702-385-4011,continental,661
773,madame ching's,3300 las vegas blvd. s.,?,?,?,?
774,mayflower cuisinier,4750 w. sahara ave.,?,702-870-8432,?,?
775,michael's (las vegas),3595 las vegas blvd. s.,las vegas,?,continental,664
776,monte carlo,3145 las vegas blvd. s.,las vegas,?,?,665
777,moongate,3400 las vegas blvd. s.,las vegas,?,chinese,666
778,morton's of chicago (las vegas),3200 las vegas blvd. s.,?,?,?,?
779,nicky blair's,3925 paradise rd.,?,?,?,?
780,piero's restaurant,355 convention center dr.,?,?,?,?
781,spago (las vegas),3500 las vegas blvd. s.,las vegas,702-369-6300,californian,670
782,steakhouse  the,128 e. fremont st.,?,?,?,?
783,stefano's,129 fremont st.,las vegas,702-385-7111,?,672
784,sterling brunch,3645 las vegas blvd. s.,?,?,eclectic,673
785,tre visi,3799 las vegas blvd. s.,las vegas,702-891-7331,?,?
786,103 west,103 w. paces ferry rd.,?,404-233-5993,continental,?
787,alon's at the terrace,659 peachtree st.,?,404-724-0444,?,676
788,baker's cajun cafe,1134 euclid ave.,?,?,cajun/creole,677
789,barbecue kitchen,1437 virginia ave.,?,404-766-9906,bbq,?
790,bistro  the,56 e. andrews dr. nw,atlanta,?,?,679
791,bobby & june's kountry kitchen,375 14th st.,atlanta,?,?,680
792,bradshaw's restaurant,2911 s. pharr court,?,?,?,681
793,brookhaven cafe,4274 peachtree rd.,?,?,vegetarian,?
794,cafe sunflower,5975 roswell rd.,atlanta,?,?,?
795,canoe,4199 paces ferry rd.,atlanta,?,american (new),?
796,carey's,1021 cobb pkwy. se,marietta,770-422-8042,?,685
797,carey's corner,1215 powers ferry rd.,?,770-933-0909,?,?
798,chops,70 w. paces ferry rd.,atlanta,?,?,687
799,chopstix,4279 roswell rd.,atlanta,404-255-4868,chinese,688
800,deacon burton's soulfood restaurant,1029 edgewood ave. se,?,?,?,?
801,eats,600 ponce de leon ave.,atlanta,?,italian,690
802,flying biscuit  the,1655 mclendon ave.,atlanta,404-687-8888,eclectic,?
803,frijoleros,1031 peachtree st. ne,atlanta,?,?,?
804,greenwood's,1087 green st.,?,?,?,693
805,harold's barbecue,171 mcdonough blvd.,?,?,bbq,?
806,havana sandwich shop,2905 buford hwy.,?,404-636-4094,cuban,695
807,house of chan,2469 cobb pkwy.,?,?,chinese,696
808,indian delights,3675 satellite blvd.,?,?,indian,697
809,java jive,790 ponce de leon ave.,atlanta,404-876-6161,?,?
810,johnny rockets (at),2970 cobb pkwy.,?,770-955-6068,american,?
811,kalo's coffee house,1248 clairmont rd.,decatur,?,coffeehouses,?
812,la fonda latina,4427 roswell rd.,?,?,spanish,?
813,lettuce souprise you (at),3525 mall blvd.,duluth,770-418-9969,?,?
814,majestic,1031 ponce de leon ave.,?,?,?,703
815,morton's of chicago (atlanta),303 peachtree st. ne,atlanta,?,steakhouses,704
816,my thai,1248 clairmont rd.,atlanta,?,thai,?
817,nava,3060 peachtree rd.,?,404-240-1984,?,?
818,nuevo laredo cantina,1495 chattahoochee ave. nw,atlanta,404-352-9009,mexican,707
819,original pancake house (at),4330 peachtree rd.,?,?,?,?
820,palm  the (atlanta),3391 peachtree rd. ne,?,?,steakhouses,?
821,rainbow restaurant,2118 n. decatur rd.,?,?,?,?
822,ritz-carlton cafe (atlanta),181 peachtree st.,?,?,american (new),?
823,riviera,519 e. paces ferry rd.,?,?,?,712
824,silver skillet  the,200 14th st. nw,atlanta,404-874-1388,?,?
825,soto,3330 piedmont rd.,atlanta,?,?,?
826,thelma's kitchen,764 marietta st. nw,atlanta,404-688-5855,?,?
827,tortillas,774 ponce de leon ave. ne,?,?,?,?
828,van gogh's restaurant & bar,70 w. crossville rd.,roswell,770-993-1156,?,?
829,veggieland,220 sandy springs circle,?,404-231-3111,vegetarian,?
830,white house restaurant,3172 peachtree rd. ne,atlanta,404-237-7601,diners,719
831,zab-e-lee,4837 old national hwy.,?,?,?,720
832,bill's place,2315 clement st.,san francisco,415-221-5262,?,?
833,cafe flore,2298 market st.,san francisco,?,californian,?
834,caffe greco,423 columbus ave.,?,415-397-6261,continental,?
835,campo santo,240 columbus ave.,san francisco,415-433-9623,mexican,?
836,cha cha cha's,1805 haight st.,?,?,?,?
837,doidge's,2217 union st.,san francisco,?,?,?
838,dottie's true blue cafe,522 jones st.,?,415-885-2767,?,?
839,dusit thai,3221 mission st.,?,415-826-4639,thai,?
840,ebisu,1283 ninth ave.,san francisco,?,japanese,729
841,emerald garden restaurant,1550 california st.,san francisco,?,?,?
842,eric's chinese restaurant,1500 church st.,?,?,?,731
843,hamburger mary's,1582 folsom st.,san francisco,415-626-1985,?,732
844,kelly's on trinity,333 bush st.,?,415-362-4454,californian,?
845,la cumbre,515 valencia st.,san francisco,?,mexican,?
846,la mediterranee,288 noe st.,san francisco,415-431-7210,?,?
847,la taqueria,2889 mission st.,san francisco,415-285-7117,?,?
848,mario's bohemian cigar store cafe,2209 polk st.,?,?,italian,737
849,marnee thai,2225 irving st.,san francisco,?,?,?
850,mel's drive-in,3355 geary st.,?,?,?,739
851,mo's burgers,1322 grant st.,san francisco,?,?,740
852,phnom penh cambodian restaurant,631 larkin st.,?,?,cambodian,?
853,roosevelt tamale parlor,2817 24th st.,san francisco,415-550-9213,?,?
854,sally's cafe & bakery,300 de haro st.,?,?,?,?
855,san francisco bbq,1328 18th st.,?,?,thai,744
856,slanted door,584 valencia st.,?,?,?,?
857,swan oyster depot,1517 polk st.,san francisco,415-673-1101,?,746
858,thep phanom,400 waller st.,?,?,?,747
859,ti couz,3108 16th st.,san francisco,415-252-7373,?,?
860,trio cafe,1870 fillmore st.,?,?,?,?
861,tu lan,8 sixth st.,?,415-626-0927,?,750
862,vicolo pizzeria,201 ivy st.,?,415-863-2382,?,?
863,wa-ha-ka oaxaca mexican grill,2141 polk st.,?,415-775-1055,mexican,?
